threshold,t1_clean_fa_per_year,t1_event_det_rate,t2_clean_fa_per_year,t2_event_det_rate,t3_clean_fa_per_year,t3_event_det_rate,loso_clean_fa_per_year,loso_event_det_rate
0.01,363.2084255542634,0.43,486.85384701954456,0.42,496.47254004576655,0.505,699.4516262145028,0.685
0.02,602.1959522827025,0.75,502.8850020632479,0.555,521.218066549124,0.645,690.9838879093671,0.785
0.03,944.6049818059046,0.875,496.3903289942604,0.6,552.8693213789999,0.685,617.2405747083318,0.81
0.04,1053.2057808455565,0.915,500.9119368270998,0.655,581.0677120456165,0.7,549.4986682672469,0.83
0.05,1066.2773380350377,0.945,510.11957459579094,0.695,606.306504858011,0.71,479.1260081779645,0.84
0.060000000000000005,1040.7097010166185,0.96,537.6602768503583,0.73,623.2419814682822,0.725,425.68882469895334,0.84
0.06999999999999999,999.1109089544959,0.96,559.2817833964812,0.735,627.8458003526277,0.74,374.63576171362115,0.845
0.08,970.0904077728176,0.96,584.1095209513448,0.76,627.4347450950969,0.765,338.38068799939975,0.86
0.09,936.137243500769,0.96,608.1973590426529,0.79,622.0910267471959,0.77,314.95053832014105,0.87
0.09999999999999999,904.5681997223993,0.965,623.159770416776,0.8,612.2257005664553,0.79,291.6025996923885,0.87
0.11,876.6986532618074,0.975,639.1087144089732,0.8,601.7026859736654,0.81,274.74933413362345,0.87
0.12,846.7738305135612,0.98,649.4673068987507,0.805,587.8912293206287,0.825,259.2936564504633,0.87
0.13,816.3557414562779,0.985,657.3595678433431,0.805,577.7792699853696,0.825,242.5226019432044,0.87
0.14,792.0212702104512,0.985,654.6466031436396,0.815,560.4327381175676,0.83,231.09526578384663,0.87
0.15000000000000002,770.5641857673406,0.985,651.7692163409235,0.815,550.3207787823086,0.84,219.50350752147654,0.88
0.16,747.8739355516375,0.98,646.0966537869978,0.815,536.2626889747534,0.845,207.6651161045879,0.89
0.17,728.4721273961811,0.98,637.5467044303559,0.83,524.3420865063586,0.85,197.63536782083506,0.89
0.18000000000000002,707.754942416626,0.98,628.421277713171,0.835,512.6681171924822,0.855,192.86712683347713,0.905
0.19,689.504088982256,0.975,616.911730502307,0.835,498.8566605394455,0.855,189.41426267021794,0.915
0.2,672.3219792174663,0.975,606.1420827549987,0.835,482.743294444236,0.855,184.07054432231683,0.925
0.21000000000000002,654.7288141951457,0.985,592.6594703079866,0.835,473.2068124695202,0.86,182.01526803466257,0.92
0.22,635.6558502457141,0.985,579.2590689124808,0.835,459.14872266196494,0.86,180.2066249015268,0.93
0.23,618.6381625839366,0.975,562.4880144052219,0.835,450.43435120231084,0.865,181.11094646809468,0.935
0.24000000000000002,604.4978617248753,0.97,545.716959897963,0.84,438.76038188843455,0.865,181.76863488014405,0.95
0.25,589.8642945567768,0.97,530.1790711632967,0.845,428.81284465618785,0.865,182.01526803466257,0.955
0.26,574.6552500281351,0.965,511.9282177289267,0.85,417.5499305998424,0.865,180.94652436508233,0.955
0.27,560.4327381175676,0.97,489.73123382226055,0.85,409.32882544922535,0.87,183.08401170424278,0.965
0.28,549.3342461642345,0.965,471.6448024909029,0.85,397.32601192932435,0.87,184.81044378587237,0.965
0.29000000000000004,534.1252016355929,0.965,454.29827062310085,0.85,387.54289680009003,0.875,183.98833327081067,0.965
0.3,517.8474134373711,0.975,436.45847244626174,0.85,380.71937952507784,0.875,185.71476535244025,0.965
0.31,504.1181678358405,0.98,420.4273174025584,0.85,371.84058596241135,0.875,186.37245376448962,0.975
0.32,491.2110327493716,0.98,406.0403833889785,0.85,364.03053606932514,0.88,188.01667479461304,0.975
0.33,478.3038976629028,0.985,387.54289680009003,0.85,355.809430918708,0.88,189.90752897925498,0.975
0.34,463.91696364932284,0.975,369.94973177776944,0.85,348.9859136436958,0.885,191.30511685485988,0.975
0.35000000000000003,450.51656225381697,0.975,354.90510935214013,0.845,342.7378737292268,0.88,189.16762951569945,0.975
0.36000000000000004,440.40460291855794,0.975,339.53164272048616,0.845,332.54370334246164,0.88,188.34551900063772,0.975
0.37,429.14168886221256,0.975,327.44661814907903,0.845,325.8023971189556,0.88,189.08541846419325,0.975
0.38,413.6860111790524,0.97,315.5260156806842,0.855,319.3077240499681,0.88,187.93446374310687,0.975
0.39,402.34088607120077,0.97,303.93425741831413,0.85,311.4976741568818,0.89,187.44119743406984,0.975
0.4,389.35153993322575,0.97,294.0689312375736,0.85,305.08521213940054,0.89,185.05707694039089,0.975
0.41000000000000003,375.9511385377199,0.97,284.0391829538207,0.855,296.9463180402896,0.89,182.91958960123043,0.975
0.42000000000000004,365.83917920246085,0.97,275.4070225456728,0.855,289.38290130172186,0.9,182.59074539520574,0.975
0.43,355.809430918708,0.965,266.69265108601866,0.855,281.57285140863564,0.91,179.22009228345274,0.98
0.44,345.3686273774243,0.965,258.55375698690773,0.855,273.1051131035,0.91,179.46672543797126,0.985
0.45,336.40762276325165,0.96,251.64802866038937,0.85,267.350339498068,0.915,177.57587125332932,0.985
0.46,327.1999849945605,0.95,244.33124507634017,0.85,261.92441009866076,0.915,176.2604944292306,0.985
0.47000000000000003,316.1837040927336,0.94,236.6034062347601,0.85,255.5119480811794,0.915,174.04079603856397,0.98
0.48000000000000004,307.1404884270548,0.94,230.3553663202911,0.85,249.67496342424127,0.915,171.49225344187266,0.985
0.49,297.5217954008328,0.94,224.35395956034063,0.855,245.0711445398957,0.92,168.286022433132,0.985
0.5,289.5473234047342,0.94,219.09245226394566,0.86,241.86491353115503,0.93,166.5595903515024,0.985
0.51,280.2574745845369,0.94,214.81747758562477,0.86,238.90531567693287,0.935,164.42210301234198,0.985
0.52,269.0767715796976,0.93,209.06270398019282,0.86,236.52119518325392,0.935,161.62692726113215,0.985
0.53,262.4176764076978,0.93,205.4454177139213,0.86,231.34189893836515,0.94,159.5716509734779,0.985
0.54,252.30571707243874,0.92,204.2944629928349,0.865,227.2313463630566,0.94,155.296676295157,0.985
0.55,243.0980793037476,0.92,199.27958885095848,0.87,225.66933638443936,0.94,152.91255580147802,0.985
0.56,233.89044153505645,0.925,194.84019206962523,0.87,222.4631053756987,0.94,149.8707468957497,0.985
0.5700000000000001,225.42270322992084,0.925,190.0719510822673,0.87,220.1611959335259,0.945,148.14431481412012,0.98
0.5800000000000001,218.59918595490865,0.92,187.44119743406984,0.87,219.25687436695802,0.95,143.9515511873054,0.98
0.59,210.37808080429156,0.92,183.82391116779831,0.87,217.94149754285928,0.955,141.32079753910793,0.98
0.6,201.9925535506621,0.92,181.43979067411937,0.87,217.36602018231608,0.96,137.4568781183179,0.98
0.61,194.42913681209438,0.915,178.15134861387253,0.875,216.79054282177287,0.965,134.90833552162658,0.98
0.62,185.79697640394642,0.915,177.16481599579848,0.88,215.6395881006865,0.965,131.1266271523427,0.975
0.63,177.16481599579848,0.915,174.94511760513186,0.885,215.6395881006865,0.965,127.34491878305886,0.975
0.64,169.1081329481937,0.915,172.97205236898375,0.905,215.96843230671118,0.965,124.22089882582435,0.975
0.65,161.62692726113215,0.92,172.8076302659714,0.91,215.88622125520502,0.965,120.19255730202198,0.975
0.66,153.3236110590089,0.92,171.73888659639118,0.92,214.81747758562477,0.97,117.06853734478749,0.975
0.67,146.4178827324905,0.92,173.9585849870578,0.93,215.3107438946618,0.975,113.78009528454064,0.975
0.68,140.0054207150092,0.92,175.9316502232059,0.935,213.41988971001987,0.975,111.97145215140488,0.975
0.6900000000000001,132.6064260794538,0.92,179.79556964399595,0.955,213.41988971001987,0.975,108.5185879881457,0.975
0.7000000000000001,125.5362756499231,0.915,183.41285591026747,0.95,213.99536707056308,0.97,104.65466856735566,0.975
0.7100000000000001,119.20602468394793,0.91,187.19456427955134,0.95,213.6665228645384,0.97,102.18833702217053,0.975
0.72,112.30029635742956,0.9,192.9493378849833,0.96,212.67999024646434,0.97,100.05084968301009,0.975
0.73,105.64120118542971,0.9,201.00602093258806,0.965,213.0910455039952,0.97,98.15999549836816,0.975
0.74,100.21527178602243,0.895,206.51416138350152,0.97,212.26893498893347,0.97,96.5979855197509,0.98
0.75,93.47396556251641,0.885,213.99536707056308,0.97,212.7622012979705,0.98,94.46049818059046,0.98
0.76,86.48602618449188,0.885,220.9833064485876,0.97,211.28240237085942,0.985,91.33647822335597,0.98
0.77,80.15577521851671,0.88,227.56019056908127,0.975,206.18531717747683,0.985,87.88361406009678,0.975
0.78,74.64763476760325,0.865,235.28802941066135,0.975,205.03436245639043,0.98,84.59517199984994,0.975
0.79,69.30391641970213,0.865,241.20722511910566,0.975,201.33486513861274,0.98,81.47115204261544,0.97
0.8,62.233765990171435,0.84,246.30431031248827,0.97,198.53968938740292,0.98,79.41587575496116,0.97
0.81,55.98572607570244,0.835,249.26390816671042,0.97,191.46953895787223,0.99,76.29185579772667,0.97
0.8200000000000001,49.90210826424579,0.83,250.57928499080916,0.97,183.00180065273662,0.99,72.18130322241812,0.97
0.8300000000000001,44.31175676182616,0.81,251.15476235135236,0.97,176.01386127471207,0.99,69.22170536819597,0.97
0.8400000000000001,38.55698315639419,0.8,248.85285290917957,0.97,165.32642457890984,0.99,66.09768541096147,0.965
0.85,34.2820084780733,0.78,240.87838091308097,0.97,157.84521889184828,0.99,62.80924335071463,0.96
0.86,28.69165697565367,0.765,230.27315526878493,0.97,149.54190268972502,0.99,59.520801290467794,0.96
0.87,24.99215965787598,0.75,222.21647222118017,0.965,138.5256217878981,0.985,55.08140450913456,0.96
0.88,20.88160708256743,0.735,211.03576921634092,0.965,126.933863525528,0.985,51.05306298533218,0.955
0.89,17.51095397081442,0.725,194.51134786360055,0.97,115.42431631466405,0.98,47.435776719060655,0.955
0.9,14.058089807555238,0.69,179.3023033349589,0.97,99.4753723224669,0.975,43.57185729827062,0.95
0.91,11.345125107851596,0.68,162.86009303372472,0.97,85.41728251491165,0.97,39.54351577446824,0.945
0.92,8.549949356641783,0.655,143.29386277525603,0.97,72.2635142739243,0.97,34.44643058108564,0.94
0.93,6.576884120493679,0.62,122.24783358967625,0.965,60.75396706306036,0.97,31.404621675357316,0.94
0.9400000000000001,4.686029935851746,0.6,101.53064861012116,0.965,47.517987770566826,0.97,27.047435945530253,0.93
0.9500000000000001,2.3841204936789584,0.565,81.14230783659076,0.965,37.323817383801625,0.965,22.69025021570319,0.93
0.9600000000000001,1.1509547210863937,0.495,57.13668079678883,0.965,27.951757512098133,0.965,18.168642382863787,0.915
0.97,0.8221105150617098,0.405,33.54210901451776,0.955,17.922009228345274,0.96,12.824924034962674,0.9
0.98,0.16442210301234197,0.285,13.40040139550587,0.95,10.194170386765203,0.955,6.65909517199985,0.9
0.99,0.0,0.19,5.01487414187643,0.935,4.1105525753085495,0.92,2.7951757512098134,0.885
