feature,importance_gain,importance_split
rain_high_energy_interaction,830155.311539864,306
z_score_global_dry,730795.5803583884,667
washout_expected_ratio,406973.55352831434,316
share_r05,214331.74896051953,581
ratio_r05_r03,212735.88015599598,762
rain_recent_3h,107919.17122089863,20
dose_z_score_168h,92275.22973484262,463
share_r03,89233.16453413242,590
precip_3h_mm,82044.602484374,281
share_r06,71174.99553235708,536
ratio_to_168h,66508.05563206133,267
ratio_r05_r07,58763.432274929095,519
ratio_r02_r03,58190.21938312579,496
ratio_r03_r07,55119.56443000784,433
share_r09,42585.02826721668,392
diff_share_r05_3h,40390.83445793226,531
share_r07,22083.913460514614,199
share_r08,21665.710120479554,388
dose_to_gross_ratio,19879.459373401132,511
diff_share_r07_3h,18520.18163224042,378
precip_6h_mm,16842.705776926206,269
dry_excess_interaction,16187.833579461947,123
precip_24h_mm,14746.891557358449,278
share_r02,13349.915585887094,287
share_r04,12287.313039448298,412
hours_since_rain,11620.724213021436,230
share_r05_roll_6h,6153.986321537933,234
pressure_hpa,5723.2674295963325,226
pressure_diff_24h,5466.696834229362,239
temp_c,5288.647154923934,221
rel_diff_1h,5222.277377274918,197
pressure_diff_3h,4903.0017676689895,233
rel_diff_3h,4785.634876003665,185
std_ratio_24_to_168,4641.164088891558,172
share_high_roll_6h,4476.407853892097,114
rel_humidity_pct,4033.7881341073567,203
z_score_24h,3819.138282873837,154
dewpoint_c,3667.4711781104925,146
z_score_168h,3384.3035555764095,184
rel_diff_6h,3277.3556059495236,186
ratio_to_24h,3178.044760920431,147
share_high_energy,3103.0929576290046,102
share_r07_roll_6h,3071.7636191164784,126
precip_1h_mm,2119.7255174061283,122
is_raining,64.67650032043457,2
dose_present,61.46938943862915,3
rain_recent_6h,3.0468917261368915,8
rain_recent_24h,0.008561680093407631,1
