call_sign,station_name,year,total_records,fm15_routine_count,fm16_speci_count,aa1_present_count,aa1_present_pct,period_1hr_count,period_1hr_pct,rain_hours_count,total_precip_mm,max_1hr_precip_mm,slp_valid_pct,tmp_valid_pct,quality_pass_pct
KBHM,"Birmingham, AL",2017,11686,8761,2548,10065,86.13,9700,96.37,1365,6091.0,92.5,74.92,96.66,99.8
KBHM,"Birmingham, AL",2018,11781,8759,2645,10117,85.88,9751,96.38,1466,5029.0,79.8,74.33,96.73,99.78
KBHM,"Birmingham, AL",2019,11709,8759,2573,10087,86.15,9721,96.37,1450,4555.1,71.9,74.81,96.66,99.73
KBHM,"Birmingham, AL",2020,11901,8784,2739,10302,86.56,9936,96.45,1646,6371.4,96.0,73.79,96.71,99.78
KBHM,"Birmingham, AL",2021,11664,8760,2527,9811,84.11,9432,96.14,1267,6170.4,110.7,74.2,95.88,99.49
KBHM,"Birmingham, AL",2022,11349,8766,2206,9731,85.74,9358,96.17,1141,5835.1,177.0,77.2,96.33,99.76
KBHM,"Birmingham, AL",2023,11531,8767,2387,9840,85.34,9473,96.27,1139,4348.7,72.6,75.87,96.57,99.8
KBHM,"Birmingham, AL",2024,11218,8789,2051,9782,87.2,9416,96.26,1025,3908.6,92.2,78.2,96.46,99.81
KBHM,"Birmingham, AL",2025,7496,5714,1535,6359,84.83,6117,96.19,775,3427.3,77.5,76.12,96.46,99.65
KDCA,"Washington, DC",2017,14619,8755,2361,11176,76.45,10017,89.63,1760,4936.1,84.1,79.73,95.88,99.73
KDCA,"Washington, DC",2018,15631,8743,3587,11770,75.3,10629,90.31,2610,9796.3,101.6,74.23,97.42,99.75
KDCA,"Washington, DC",2019,14457,8755,2382,11085,76.68,10065,90.8,2000,6024.3,87.4,80.64,97.15,99.66
KDCA,"Washington, DC",2020,14558,8780,2487,11223,77.09,10135,90.31,2152,7490.7,73.2,80.24,97.34,99.6
KDCA,"Washington, DC",2021,14081,8758,2050,10848,77.04,9880,91.08,1695,6094.9,63.0,82.56,97.15,99.6
KDCA,"Washington, DC",2022,14207,8747,2158,10959,77.14,9963,90.91,1970,6104.7,102.9,81.97,97.17,99.69
KDCA,"Washington, DC",2023,14220,8743,1914,10748,75.58,9460,88.02,1662,5133.4,54.9,81.69,95.18,99.48
KDCA,"Washington, DC",2024,14581,8773,2306,11168,76.59,9915,88.78,1748,4862.9,56.9,79.18,95.03,99.81
KDCA,"Washington, DC",2025,9658,5707,1650,7279,75.37,6523,89.61,1189,3873.7,45.0,78.1,95.38,99.67
KSAN,"San Diego, CA",2017,12698,8757,2112,9521,74.98,9025,94.79,422,912.8,59.4,80.39,97.02,99.76
KSAN,"San Diego, CA",2018,12333,8747,1758,9437,76.52,8950,94.84,300,782.2,45.7,82.7,96.93,99.81
KSAN,"San Diego, CA",2019,12332,8760,1740,9548,77.42,8952,93.76,682,1631.4,34.8,82.83,96.93,99.79
KSAN,"San Diego, CA",2020,12509,8785,1896,9465,75.67,8968,94.75,420,798.2,29.5,81.8,96.98,99.74
KSAN,"San Diego, CA",2021,12638,8762,2062,9538,75.47,9017,94.54,414,860.8,24.9,80.67,97.01,99.8
KSAN,"San Diego, CA",2022,12433,8760,1847,9337,75.1,8861,94.9,328,665.4,21.3,82.12,96.97,99.89
KSAN,"San Diego, CA",2023,13174,8751,2400,9785,74.28,9190,93.92,766,1570.3,46.2,78.83,97.12,99.8
KSAN,"San Diego, CA",2024,14332,8767,2419,8823,61.56,8273,93.77,478,1253.1,69.3,80.48,97.42,99.93
KSAN,"San Diego, CA",2025,9636,5716,1821,6223,64.58,5835,93.77,350,560.4,23.1,78.45,97.37,99.9
KDFW,"Dallas, TX",2017,13751,8752,1711,10049,73.08,9301,92.56,922,5014.7,97.5,84.82,97.26,99.76
KDFW,"Dallas, TX",2018,13924,8736,1909,10459,75.11,9551,91.32,1435,6883.4,148.6,83.47,97.26,99.8
KDFW,"Dallas, TX",2019,13683,8749,1650,10165,74.29,9312,91.61,1085,4359.0,61.5,85.08,97.24,99.71
KDFW,"Dallas, TX",2020,13778,8777,1725,10361,75.2,9487,91.56,1232,4906.2,90.7,84.51,97.24,99.78
KDFW,"Dallas, TX",2021,13637,8758,1631,10171,74.58,9346,91.89,1062,4379.0,43.4,85.22,97.22,99.76
KDFW,"Dallas, TX",2022,13358,8755,1331,9901,74.12,9168,92.6,838,5215.7,143.8,87.14,97.16,99.7
KDFW,"Dallas, TX",2023,13401,8751,1398,10051,75.0,9281,92.34,927,3609.2,64.5,86.69,97.19,99.53
KDFW,"Dallas, TX",2024,13458,8765,1538,9840,73.12,9086,92.34,1031,4977.2,67.8,85.42,97.09,99.74
KDFW,"Dallas, TX",2025,8677,5708,873,6395,73.7,5860,91.63,670,2888.3,71.1,87.12,97.19,99.75
KTPA,"Tampa, FL",2017,13846,8752,1821,10166,73.42,9325,91.73,1151,6288.4,107.7,84.1,97.26,99.77
KTPA,"Tampa, FL",2018,13963,8735,2032,10232,73.28,9333,91.21,1386,8089.7,89.4,82.17,97.26,99.75
KTPA,"Tampa, FL",2019,13866,8755,1835,10239,73.84,9315,90.98,1489,8065.2,93.0,83.34,97.16,99.55
KTPA,"Tampa, FL",2020,13642,8775,1595,10074,73.85,9190,91.22,1167,6298.9,101.3,84.99,97.16,99.8
KTPA,"Tampa, FL",2021,13743,8763,1736,10143,73.8,9281,91.5,1201,6789.0,84.6,84.54,97.2,99.72
KTPA,"Tampa, FL",2022,13770,8759,1741,10103,73.37,9240,91.46,1308,9458.9,72.6,84.5,96.88,99.71
KTPA,"Tampa, FL",2023,13361,8765,1347,9977,74.67,9214,92.35,980,5339.6,68.1,86.94,97.15,99.82
KTPA,"Tampa, FL",2024,13349,8729,1488,9088,68.08,8221,90.46,1567,10420.1,290.3,86.19,96.94,99.54
KTPA,"Tampa, FL",2025,9032,5732,1204,6482,71.77,5929,91.47,868,4563.8,57.2,83.8,97.29,99.69
