station_name,city,state,station_url,gamma_start,exposure_start,has_exposure_rate,csv_2026_url,historical_zip_url
"Birmingham, AL",Birmingham,AL,https://www.epa.gov/radnet/radnet-near-real-time-air-data-birmingham-al,"April 19, 2007","July 5, 2016",True,https://radnet.epa.gov/cdx-radnet-rest/api/rest/csv/2026/fixed/AL/BIRMINGHAM,https://www.epa.gov/system/files/other-files/2026-02/al_birmingham_2025-2007.zip
"Mobile, AL",Mobile,AL,https://www.epa.gov/radnet/radnet-near-real-time-air-data-mobile-al,"December 9, 2015","August 17, 2018",True,https://radnet.epa.gov/cdx-radnet-rest/api/rest/csv/2026/fixed/AL/MOBILE,https://www.epa.gov/system/files/other-files/2026-02/al_mobile_2025-2015.zip
"Montgomery, AL",Montgomery,AL,https://www.epa.gov/radnet/radnet-near-real-time-air-data-montgomery-al,"April 17, 2006","July 1, 2016",True,https://radnet.epa.gov/cdx-radnet-rest/api/rest/csv/2026/fixed/AL/MONTGOMERY,https://www.epa.gov/system/files/other-files/2026-02/al_montgomery_2025-2006.zip
"Anchorage, AK",Anchorage,AK,https://www.epa.gov/radnet/radnet-near-real-time-air-data-anchorage-ak,"June 5, 2008","September 16, 2016",True,https://radnet.epa.gov/cdx-radnet-rest/api/rest/csv/2026/fixed/ak/anchorage,https://www.epa.gov/system/files/other-files/2026-02/ak_anchorage_2025-2008.zip
"Fairbanks, AK",Fairbanks,AK,https://www.epa.gov/radnet/radnet-near-real-time-air-data-fairbanks-ak,"February 24, 2009","September 7, 2016",True,https://radnet.epa.gov/cdx-radnet-rest/api/rest/csv/2026/fixed/AK/FAIRBANKS,https://www.epa.gov/system/files/other-files/2026-02/ak_fairbanks_2025-2009.zip
"Juneau, AK",Juneau,AK,https://www.epa.gov/radnet/radnet-near-real-time-air-data-juneau-ak,"July 29, 2010","November 14, 2022",True,https://radnet.epa.gov/cdx-radnet-rest/api/rest/csv/2026/fixed/ak/juneau,https://www.epa.gov/system/files/other-files/2026-02/ak_juneau_2025-2010.zip
"Phoenix, AZ",Phoenix,AZ,https://www.epa.gov/radnet/radnet-near-real-time-air-data-phoenix-az,"March 23, 2007","August 1, 2016",True,https://radnet.epa.gov/cdx-radnet-rest/api/rest/csv/2026/fixed/AZ/PHOENIX,https://www.epa.gov/system/files/other-files/2026-02/az_phoenix_2025-2007.zip
"Tucson, AZ",Tucson,AZ,https://www.epa.gov/radnet/radnet-near-real-time-air-data-tucson-az,"November 13, 2008","July 13, 2023",True,https://radnet.epa.gov/cdx-radnet-rest/api/rest/csv/2026/fixed/az/tucson,https://www.epa.gov/system/files/other-files/2025-02/az_tucson_2024-2008.zip
"Yuma, AZ",Yuma,AZ,https://www.epa.gov/radnet/radnet-near-real-time-air-data-yuma-az,"April 16, 2010","September 21, 2017",True,https://radnet.epa.gov/cdx-radnet-rest/api/rest/csv/2026/fixed/AZ/YUMA,https://www.epa.gov/system/files/other-files/2026-02/az_yuma_2025-2010.zip
"Fort Smith, AR",Fort Smith,AR,https://www.epa.gov/radnet/radnet-near-real-time-air-data-fort-smith-ar,"July 28, 2008","February 9, 2024",True,https://radnet.epa.gov/cdx-radnet-rest/api/rest/csv/2026/fixed/AR/FT%20SMITH,https://www.epa.gov/system/files/other-files/2026-02/ar_fort_smith_2025-2008.zip
"Little Rock, AR",Little Rock,AR,https://www.epa.gov/radnet/radnet-near-real-time-air-data-little-rock-ar,"July 28, 2008","September 10, 2019",True,https://radnet.epa.gov/cdx-radnet-rest/api/rest/csv/2026/fixed/AR/LITTLE%20ROCK,https://www.epa.gov/system/files/other-files/2026-02/ar_little_rock_2025-2008.zip
"Anaheim, CA",Anaheim,CA,https://www.epa.gov/radnet/radnet-near-real-time-air-data-anaheim-ca,"March 29, 2007","April 13, 2018",True,https://radnet.epa.gov/cdx-radnet-rest/api/rest/csv/2026/fixed/CA/ANAHEIM,https://www.epa.gov/system/files/other-files/2026-02/ca_anaheim_2025-2007.zip
"Bakersfield, CA",Bakersfield,CA,https://www.epa.gov/radnet/radnet-near-real-time-air-data-bakersfield-ca,"February 17, 2009","November 14, 2018",True,https://radnet.epa.gov/cdx-radnet-rest/api/rest/csv/2026/fixed/CA/BAKERSFIELD,https://www.epa.gov/system/files/other-files/2025-02/ca_bakersfield_2024-2009.zip
"Eureka, CA",Eureka,CA,https://www.epa.gov/radnet/radnet-near-real-time-air-data-eureka-ca,"June 4, 2009","March 29, 2021",True,https://radnet.epa.gov/cdx-radnet-rest/api/rest/csv/2026/fixed/CA/EUREKA,https://www.epa.gov/system/files/other-files/2026-02/ca_eureka_2025-2009.zip
"Fresno, CA",Fresno,CA,https://www.epa.gov/radnet/radnet-near-real-time-air-data-fresno-ca,"August 6, 2007","October 18, 2022",True,https://radnet.epa.gov/cdx-radnet-rest/api/rest/csv/2026/fixed/CA/FRESNO,https://www.epa.gov/system/files/other-files/2026-02/ca_fresno_2025-2007.zip
"Los Angeles, CA",Los Angeles,CA,https://www.epa.gov/radnet/radnet-near-real-time-air-data-los-angeles-ca,"March 5, 2007","January 31, 2017",True,https://radnet.epa.gov/cdx-radnet-rest/api/rest/csv/2026/fixed/CA/LOS%20ANGELES,https://www.epa.gov/system/files/other-files/2026-02/ca_los_angeles_2025-2007.zip
"Riverside, CA",Riverside,CA,https://www.epa.gov/radnet/radnet-near-real-time-air-data-riverside-ca,"March 2, 2007","March 12, 2025",True,https://radnet.epa.gov/cdx-radnet-rest/api/rest/csv/2026/fixed/CA/RIVERSIDE,https://www.epa.gov/system/files/other-files/2026-02/ca_riverside_2025-2007.zip
"Sacramento, CA",Sacramento,CA,https://www.epa.gov/radnet/radnet-near-real-time-air-data-sacramento-ca,"December 12, 2008","June 2, 2023",True,https://radnet.epa.gov/cdx-radnet-rest/api/rest/csv/2026/fixed/ca/sacramento,https://www.epa.gov/system/files/other-files/2026-02/ca_sacramento_2025-2008.zip
"San Bernardino County, CA",San Bernardino County,CA,https://www.epa.gov/radnet/radnet-near-real-time-air-data-san-bernardino-ca,"March 1, 2007","May 27, 2022",True,https://radnet.epa.gov/cdx-radnet-rest/api/rest/csv/2026/fixed/CA/SAN%20BERNARDINO%20COUNTY,https://www.epa.gov/system/files/other-files/2026-02/ca_san_bernardino_2025-2008.zip
"San Diego, CA",San Diego,CA,https://www.epa.gov/radnet/radnet-near-real-time-air-data-san-diego-ca,"June 12, 2006","September 22, 2016",True,https://radnet.epa.gov/cdx-radnet-rest/api/rest/csv/2026/fixed/CA/SAN%20DIEGO,https://www.epa.gov/system/files/other-files/2026-02/ca_san_diego_2025-2006.zip
"San Francisco, CA",San Francisco,CA,https://www.epa.gov/radnet/radnet-near-real-time-air-data-san-francisco-ca,"July 31, 2006","March 29, 2021",True,https://radnet.epa.gov/cdx-radnet-rest/api/rest/csv/2026/fixed/CA/SAN%20FRANCISCO,https://www.epa.gov/system/files/other-files/2026-02/ca_san_francisco_2025-2006.zip
"San Jose, CA",San Jose,CA,https://www.epa.gov/radnet/radnet-near-real-time-air-data-san-jose-ca,"November 6, 2006","August 15, 2016",True,https://radnet.epa.gov/cdx-radnet-rest/api/rest/csv/2026/fixed/CA/SAN%20JOSE,https://www.epa.gov/system/files/other-files/2026-02/ca_san_jose_2025-2006.zip
"Colorado Springs, CO",Colorado Springs,CO,https://www.epa.gov/radnet/radnet-near-real-time-air-data-colorado-springs-co,"November 13, 2008","October 8, 2025",True,https://radnet.epa.gov/cdx-radnet-rest/api/rest/csv/2026/fixed/CO/COLORADO%20SPRINGS,https://www.epa.gov/system/files/other-files/2026-02/co_colorado_springs_2025-2008.zip
"Denver, CO",Denver,CO,https://www.epa.gov/radnet/radnet-near-real-time-air-data-denver-co,,,False,https://radnet.epa.gov/cdx-radnet-rest/api/rest/csv/2026/fixed/CO/DENVER,https://www.epa.gov/system/files/other-files/2026-02/co_denver_2025-2006.zip
"Grand Junction, CO",Grand Junction,CO,https://www.epa.gov/radnet/radnet-near-real-time-air-data-grand-junction-co,"March 19, 2010","June 8, 2026",True,https://radnet.epa.gov/cdx-radnet-rest/api/rest/csv/2026/fixed/CO/GRAND%20JUNCTION,https://www.epa.gov/system/files/other-files/2026-02/co_grand_junction_2025-2010.zip
"Hartford, CT",Hartford,CT,https://www.epa.gov/radnet/radnet-near-real-time-air-data-hartford-ct,,,False,https://radnet.epa.gov/cdx-radnet-rest/api/rest/csv/2026/fixed/CT/HARTFORD,https://www.epa.gov/system/files/other-files/2026-02/ct_hartford_2025-2006.zip
"Washington, DC",Washington,DC,https://www.epa.gov/radnet/radnet-near-real-time-air-data-washington-dc,"July 19, 2006","September 22, 2016",True,https://radnet.epa.gov/cdx-radnet-rest/api/rest/csv/2026/fixed/DC/WASHINGTON,https://www.epa.gov/system/files/other-files/2026-02/dc_washington_2025-2006.zip
"Dover, DE",Dover,DE,https://www.epa.gov/radnet/radnet-near-real-time-air-data-dover-de,,"July 1, 2019",True,https://radnet.epa.gov/cdx-radnet-rest/api/rest/csv/2026/fixed/DE/DOVER,https://www.epa.gov/system/files/other-files/2026-02/de_dover_2025-2008.zip
"Jacksonville, FL",Jacksonville,FL,https://www.epa.gov/radnet/radnet-near-real-time-air-data-jacksonville-fl,"August 15, 2007","September 12, 2018",True,https://radnet.epa.gov/cdx-radnet-rest/api/rest/csv/2026/fixed/FL/JACKSONVILLE,https://www.epa.gov/system/files/other-files/2026-02/fl_jacksonville_2025-2007.zip
"Miami, FL",Miami,FL,https://www.epa.gov/radnet/radnet-near-real-time-air-data-miami-fl,"April 10, 2007","November 6, 2019",True,https://radnet.epa.gov/cdx-radnet-rest/api/rest/csv/2026/fixed/fl/miami,https://www.epa.gov/system/files/other-files/2026-02/fl_miami_2025-2007.zip
"Orlando, FL",Orlando,FL,https://www.epa.gov/radnet/radnet-near-real-time-air-data-orlando-fl,"April 12, 2007","February 17, 2021",True,https://radnet.epa.gov/cdx-radnet-rest/api/rest/csv/2026/fixed/FL/ORLANDO,https://www.epa.gov/system/files/other-files/2026-02/fl_orlando_2025-2007.zip
"Tallahassee, FL",Tallahassee,FL,https://www.epa.gov/radnet/radnet-near-real-time-air-data-tallahassee-fl,"April 12, 2007","February 17, 2021",True,https://radnet.epa.gov/cdx-radnet-rest/api/rest/csv/2026/fixed/FL/ORLANDO,https://www.epa.gov/system/files/other-files/2026-02/fl_orlando_2025-2007.zip
"Tampa, FL",Tampa,FL,https://www.epa.gov/radnet/radnet-near-real-time-air-data-tampa-fl,"February 14, 2008","August 15, 2016",True,https://radnet.epa.gov/cdx-radnet-rest/api/rest/csv/2026/fixed/FL/TAMPA,https://www.epa.gov/system/files/other-files/2026-02/fl_tampa_2025-2008.zip
"Atlanta, GA",Atlanta,GA,https://www.epa.gov/radnet/radnet-near-real-time-air-data-atlanta-ga,"July 17, 2006","September 12, 2018",True,https://radnet.epa.gov/cdx-radnet-rest/api/rest/csv/2026/fixed/GA/ATLANTA,https://www.epa.gov/system/files/other-files/2026-02/ga_atlanta_2025-2006.zip
"Augusta, GA",Augusta,GA,https://www.epa.gov/radnet/radnet-near-real-time-air-data-augusta-ga,"August 12, 2008","April 13, 2018",True,https://radnet.epa.gov/cdx-radnet-rest/api/rest/csv/2026/fixed/ga/augusta,https://www.epa.gov/system/files/other-files/2026-02/ga_augusta_2025-2008.zip
"Honolulu, HI",Honolulu,HI,https://www.epa.gov/radnet/radnet-near-real-time-air-data-honolulu-hi,"April 22, 2008","June 6, 2017",True,https://radnet.epa.gov/cdx-radnet-rest/api/rest/csv/2026/fixed/HI/HONOLULU,https://www.epa.gov/system/files/other-files/2026-02/hi_honolulu_2025-2008.zip
"Boise, ID",Boise,ID,https://www.epa.gov/radnet/radnet-near-real-time-air-data-boise-id,"October 17, 2012","March 25, 2024",True,https://radnet.epa.gov/cdx-radnet-rest/api/rest/csv/2026/fixed/ID/BOISE,https://www.epa.gov/system/files/other-files/2026-02/id_boise_2025-2012.zip
"Idaho Falls, ID",Idaho Falls,ID,https://www.epa.gov/radnet/radnet-near-real-time-air-data-idaho-falls-id,"June 19, 2008","December 4, 2019",True,https://radnet.epa.gov/cdx-radnet-rest/api/rest/csv/2026/fixed/ID/IDAHO%20FALLS,https://www.epa.gov/system/files/other-files/2026-02/id_idaho_falls_2025-2008.zip
"Aurora, IL",Aurora,IL,https://www.epa.gov/radnet/radnet-near-real-time-air-data-aurora-il,"October 8, 2009","May 24, 2023",True,https://radnet.epa.gov/cdx-radnet-rest/api/rest/csv/2026/fixed/il/aurora,https://www.epa.gov/system/files/other-files/2026-02/il_aurora_2025-2009.zip
"Champaign, IL",Champaign,IL,https://www.epa.gov/radnet/radnet-near-real-time-air-data-champaign-il,"October 8, 2009","May 24, 2023",True,https://radnet.epa.gov/cdx-radnet-rest/api/rest/csv/2026/fixed/il/aurora,https://www.epa.gov/system/files/other-files/2026-02/il_aurora_2025-2009.zip
"Chicago, IL",Chicago,IL,https://www.epa.gov/radnet/radnet-near-real-time-air-data-chicago-il,"October 24, 2006","November 15, 2016",True,https://radnet.epa.gov/cdx-radnet-rest/api/rest/csv/2026/fixed/il/chicago,https://www.epa.gov/system/files/other-files/2026-02/il_chicago_2025-2006.zip
"Des Moines, IA",Des Moines,IA,https://www.epa.gov/radnet/radnet-near-real-time-air-data-des-moines-ia,"October 26, 2007","February 20, 2025",True,https://radnet.epa.gov/cdx-radnet-rest/api/rest/csv/2026/fixed/ia/des%20moines,https://www.epa.gov/system/files/other-files/2026-02/ia_des_moines_2025-2007.zip
"Fort Madison, IA",Fort Madison,IA,https://www.epa.gov/radnet/radnet-near-real-time-air-data-fort-madison-ia,"September 2, 2016","August 13, 2024",True,https://radnet.epa.gov/cdx-radnet-rest/api/rest/csv/2026/fixed/IA/FORT%20MADISON,https://www.epa.gov/system/files/other-files/2026-02/ia_fort_madison_2025-2016.zip
"Mason City, IA",Mason City,IA,https://www.epa.gov/radnet/radnet-near-real-time-air-data-mason-city-ia,"September 15, 2009","July 8, 2020",True,https://radnet.epa.gov/cdx-radnet-rest/api/rest/csv/2026/fixed/IA/MASON%20CITY,https://www.epa.gov/system/files/other-files/2026-02/ia_mason_city_2025-2009.zip
"Dodge City, KS",Dodge City,KS,https://www.epa.gov/radnet/radnet-near-real-time-air-data-dodge-city-ks,,,False,https://radnet.epa.gov/cdx-radnet-rest/api/rest/csv/2026/fixed/ks/dodge%20city,https://www.epa.gov/system/files/other-files/2026-02/ks_dodge_city_2025-2016_0.zip
"Kansas City, KS",Kansas City,KS,https://www.epa.gov/radnet/radnet-near-real-time-air-data-kansas-city-ks,"August 22, 2006","July 15, 2025",True,https://radnet.epa.gov/cdx-radnet-rest/api/rest/csv/2026/fixed/KS/KANSAS%20CITY,https://www.epa.gov/system/files/other-files/2026-02/ks_kansas_city_2025-2006.zip
"Wichita, KS",Wichita,KS,https://www.epa.gov/radnet/radnet-near-real-time-air-data-wichita-ks,"May 22, 2008","December 6, 2022",True,https://radnet.epa.gov/cdx-radnet-rest/api/rest/csv/2026/fixed/KS/WICHITA,https://www.epa.gov/system/files/other-files/2026-02/ks_wichita_2025-2006.zip
"Lexington, KY",Lexington,KY,https://www.epa.gov/radnet/radnet-near-real-time-air-data-lexington-ky,"April 16, 2008","August 10, 2021",True,https://radnet.epa.gov/cdx-radnet-rest/api/rest/csv/2026/fixed/ky/lexington,https://www.epa.gov/system/files/other-files/2026-02/ky_lexington_2025-2008.zip
"Louisville, KY",Louisville,KY,https://www.epa.gov/radnet/radnet-near-real-time-air-data-louisville-ky,"November 18, 2008","August 10, 2023",True,,https://www.epa.gov/system/files/other-files/2026-02/ky_louisville_2025-2008.zip
"Paducah, KY",Paducah,KY,https://www.epa.gov/radnet/radnet-near-real-time-air-data-paducah-ky,"July 1, 2014","September 10, 2019",True,https://radnet.epa.gov/cdx-radnet-rest/api/rest/csv/2026/fixed/ky/paducah,https://www.epa.gov/system/files/other-files/2026-02/ky_paducah_2025-2014.zip
"Baton Rouge, LA",Baton Rouge,LA,https://www.epa.gov/radnet/radnet-near-real-time-air-data-baton-rouge-la,"May 3, 2008","July 1, 2016",True,https://radnet.epa.gov/cdx-radnet-rest/api/rest/csv/2026/fixed/LA/BATON%20ROUGE,https://www.epa.gov/system/files/other-files/2026-02/la_baton_rouge_2025-2008.zip
"Shreveport, LA",Shreveport,LA,https://www.epa.gov/radnet/radnet-near-real-time-air-data-shreveport-la,"October 15, 2009","September 10, 2026",True,https://radnet.epa.gov/cdx-radnet-rest/api/rest/csv/2026/fixed/LA/SHREVEPORT,https://www.epa.gov/system/files/other-files/2026-02/la_shreveport_2025-2009.zip
"Boston, MA",Boston,MA,https://www.epa.gov/radnet/radnet-near-real-time-air-data-boston-ma,"August 15, 2006","November 14, 2022",True,https://radnet.epa.gov/cdx-radnet-rest/api/rest/csv/2026/fixed/MA/BOSTON,https://www.epa.gov/system/files/other-files/2026-02/ma_boston_2025-2006.zip
"Worcester, MA",Worcester,MA,https://www.epa.gov/radnet/radnet-near-real-time-air-data-worcester-ma,"July 28, 2009","July 1, 2016",True,https://radnet.epa.gov/cdx-radnet-rest/api/rest/csv/2026/fixed/MA/WORCESTER,https://www.epa.gov/system/files/other-files/2026-02/ma_worcester_2025-2009.zip
"Baltimore, MD",Baltimore,MD,https://www.epa.gov/radnet/radnet-near-real-time-air-data-baltimore-md,,,False,https://radnet.epa.gov/cdx-radnet-rest/api/rest/csv/2026/fixed/MD/BALTIMORE,https://www.epa.gov/system/files/other-files/2025-02/md_baltimore_2024-2006.zip
"Orono, ME",Orono,ME,https://www.epa.gov/radnet/radnet-near-real-time-air-data-orono-me,"November 6, 2009","September 4, 2024",True,https://radnet.epa.gov/cdx-radnet-rest/api/rest/csv/2026/fixed/ME/ORONO,https://www.epa.gov/system/files/other-files/2026-02/me_orono_2025-2009.zip
"Portland, ME",Portland,ME,https://www.epa.gov/radnet/radnet-near-real-time-air-data-portland-me,"January 29, 2009","August 27, 2025",True,https://radnet.epa.gov/cdx-radnet-rest/api/rest/csv/2026/fixed/me/portland,https://www.epa.gov/system/files/other-files/2026-02/me_portland_2025-2009.zip
"Bay City, MI",Bay City,MI,https://www.epa.gov/radnet/radnet-near-real-time-air-data-bay-city-mi,,"September 5, 2023",True,https://radnet.epa.gov/cdx-radnet-rest/api/rest/csv/2026/fixed/mi/bay%20city,https://www.epa.gov/system/files/other-files/2026-02/mi_bay_city_2025-2009.zip
"Detroit, MI",Detroit,MI,https://www.epa.gov/radnet/radnet-near-real-time-air-data-detroit-mi,"September 12, 2006","November 19, 2024",True,https://radnet.epa.gov/cdx-radnet-rest/api/rest/csv/2026/fixed/MI/DETROIT,https://www.epa.gov/system/files/other-files/2026-02/mi_detroit_2025-2006.zip
"Grand Rapids, MI",Grand Rapids,MI,https://www.epa.gov/radnet/radnet-near-real-time-air-data-grand-rapids-mi,"July 8, 2010","August 12, 2022",True,https://radnet.epa.gov/cdx-radnet-rest/api/rest/csv/2026/fixed/MI/GRAND%20RAPIDS,https://www.epa.gov/system/files/other-files/2026-02/mi_grand_rapids_2025-2010.zip
"Duluth, MN",Duluth,MN,https://www.epa.gov/radnet/radnet-near-real-time-air-data-duluth-mn,,,False,https://radnet.epa.gov/cdx-radnet-rest/api/rest/csv/2026/fixed/mn/duluth,https://www.epa.gov/system/files/other-files/2026-02/mn_duluth_2025-2008.zip
"St. Paul, MN",St. Paul,MN,https://www.epa.gov/radnet/radnet-near-real-time-air-data-st-paul-mn,"September 21, 2006","December 4, 2019",True,https://radnet.epa.gov/cdx-radnet-rest/api/rest/csv/2026/fixed/MN/ST.%20PAUL,https://www.epa.gov/system/files/other-files/2026-02/mn_st-paul_2025-2006.zip
"Jefferson City, MO",Jefferson City,MO,https://www.epa.gov/radnet/radnet-near-real-time-air-data-jefferson-city-mo,"September 5, 2008","April 15, 2020",True,https://radnet.epa.gov/cdx-radnet-rest/api/rest/csv/2026/fixed/MO/JEFFERSON%20CITY,https://www.epa.gov/system/files/other-files/2026-02/mo_jefferson_city_2025-2008.zip
"Springfield, MO",Springfield,MO,https://www.epa.gov/radnet/radnet-near-real-time-air-data-springfield-mo,,"February 1, 2026",True,https://radnet.epa.gov/cdx-radnet-rest/api/rest/csv/2026/fixed/MO/SPRINGFIELD,https://www.epa.gov/system/files/other-files/2026-02/mo_springfield_2025-2010.zip
"St. Louis, MO",St. Louis,MO,https://www.epa.gov/radnet/radnet-near-real-time-air-data-st-louis-mo,"January 3, 2007","July 1, 2016",True,https://radnet.epa.gov/cdx-radnet-rest/api/rest/csv/2026/fixed/mo/st.%20louis,https://www.epa.gov/system/files/other-files/2026-02/mo_st-louis_2025-2007.zip
"Jackson, MS",Jackson,MS,https://www.epa.gov/radnet/radnet-near-real-time-air-data-jackson-ms,"September 19, 2008","October 19, 2022",True,https://radnet.epa.gov/cdx-radnet-rest/api/rest/csv/2026/fixed/ms/jackson,https://www.epa.gov/system/files/other-files/2026-02/ms_jackson_2025-2008.zip
"Billings, MT",Billings,MT,https://www.epa.gov/radnet/radnet-near-real-time-air-data-billings-mt,"July 24, 2009","March 14, 2024",True,https://radnet.epa.gov/cdx-radnet-rest/api/rest/csv/2026/fixed/mt/billings,https://www.epa.gov/system/files/other-files/2026-02/mt_billings_2025-2009.zip
"Kalispell, MT",Kalispell,MT,https://www.epa.gov/radnet/radnet-near-real-time-air-data-kalispell-mt,"February 1, 2017","July 18, 2017",True,https://radnet.epa.gov/cdx-radnet-rest/api/rest/csv/2026/fixed/MT/KALISPELL,https://www.epa.gov/system/files/other-files/2026-02/mt_kalispell_2025-2017.zip
"Kearney, NE",Kearney,NE,https://www.epa.gov/radnet/radnet-near-real-time-air-data-kearney-ne,"June 10, 2009","February 10, 2017",True,https://radnet.epa.gov/cdx-radnet-rest/api/rest/csv/2026/fixed/ne/kearney,https://www.epa.gov/system/files/other-files/2026-02/ne_kearney_2025-2009.zip
"Lincoln, NE",Lincoln,NE,https://www.epa.gov/radnet/radnet-near-real-time-air-data-lincoln-ne,"May 21, 2008","August 10, 2021",True,https://radnet.epa.gov/cdx-radnet-rest/api/rest/csv/2026/fixed/ne/lincoln,https://www.epa.gov/system/files/other-files/2026-02/ne_lincoln_2025-2008.zip
"Omaha, NE",Omaha,NE,https://www.epa.gov/radnet/radnet-near-real-time-air-data-omaha-ne,"May 20, 2008","July 1, 2016",True,https://radnet.epa.gov/cdx-radnet-rest/api/rest/csv/2026/fixed/NE/OMAHA,https://www.epa.gov/system/files/other-files/2026-02/ne_omaha_2025-2008.zip
"Edison, NJ",Edison,NJ,https://www.epa.gov/radnet/radnet-near-real-time-air-data-edison-nj,"May 17, 2007","July 7, 2021",True,https://radnet.epa.gov/cdx-radnet-rest/api/rest/csv/2026/fixed/nj/edison,https://www.epa.gov/system/files/other-files/2026-02/nj_edison_2025-2007.zip
"Concord, NH",Concord,NH,https://www.epa.gov/radnet/radnet-near-real-time-air-data-concord-nh,,,False,https://radnet.epa.gov/cdx-radnet-rest/api/rest/csv/2026/fixed/NH/CONCORD,https://www.epa.gov/system/files/other-files/2026-02/nh_concord_2025-2008.zip
"Portsmouth, NH",Portsmouth,NH,https://www.epa.gov/radnet/radnet-near-real-time-air-data-portsmouth-nh,"September 12, 2018","September 12, 2018",True,https://radnet.epa.gov/cdx-radnet-rest/api/rest/csv/2026/fixed/NH/PORTSMOUTH,https://www.epa.gov/system/files/other-files/2026-02/nh_portsmouth_2025-2018.zip
"Albuquerque, NM",Albuquerque,NM,https://www.epa.gov/radnet/radnet-near-real-time-air-data-albuquerque-nm,"May 7, 2010","October 14, 2020",True,https://radnet.epa.gov/cdx-radnet-rest/api/rest/csv/2026/fixed/nm/albuquerque,https://www.epa.gov/system/files/other-files/2026-02/nm_albuquerque_2025-2010.zip
"Carlsbad, NM",Carlsbad,NM,https://www.epa.gov/radnet/radnet-near-real-time-air-data-carlsbad-nm,"March 24, 2009","April 2, 2019",True,https://radnet.epa.gov/cdx-radnet-rest/api/rest/csv/2026/fixed/NM/CARLSBAD,https://www.epa.gov/system/files/other-files/2026-02/nm_carlsbad_2025-2011.zip
"Navajo Lake, NM",Navajo Lake,NM,https://www.epa.gov/radnet/radnet-near-real-time-air-data-navajo-lake-nm,"May 5, 2010","July 21, 2022",True,https://radnet.epa.gov/cdx-radnet-rest/api/rest/csv/2026/fixed/NM/NAVAJO LAKE,https://www.epa.gov/system/files/other-files/2026-02/nm_navajo_lake_2025-2010.zip
"Las Vegas, NV",Las Vegas,NV,https://www.epa.gov/radnet/radnet-near-real-time-air-data-las-vegas-nv,,,False,https://radnet.epa.gov/cdx-radnet-rest/api/rest/csv/2026/fixed/nv/las vegas,https://www.epa.gov/system/files/other-files/2026-02/nv_las_vegas_2025-2006.zip
"Reno, NV",Reno,NV,https://www.epa.gov/radnet/radnet-near-real-time-air-data-reno-nv,,,False,https://radnet.epa.gov/cdx-radnet-rest/api/rest/csv/2026/fixed/nv/reno,https://www.epa.gov/system/files/other-files/2026-02/nv_reno_2025-2009.zip
"Albany, NY",Albany,NY,https://www.epa.gov/radnet/radnet-near-real-time-air-data-albany-ny,"February 5, 2009","April 6, 2017",True,https://radnet.epa.gov/cdx-radnet-rest/api/rest/csv/2026/fixed/ny/albany,https://www.epa.gov/system/files/other-files/2026-02/ny_albany_2025-2009.zip
"Lockport, NY",Lockport,NY,https://www.epa.gov/radnet/radnet-near-real-time-air-data-lockport-ny,"September 5, 2007","July 1, 2025",True,https://radnet.epa.gov/cdx-radnet-rest/api/rest/csv/2026/fixed/ny/buffalo,https://www.epa.gov/system/files/other-files/2026-02/ny_lockport_2025-2007.zip
"New York City, NY",New York City,NY,https://www.epa.gov/radnet/radnet-near-real-time-air-data-new-york-city-ny,"June 9, 2006","January 10, 2017",True,https://radnet.epa.gov/cdx-radnet-rest/api/rest/csv/2026/fixed/NY/NYC%20(EML),https://www.epa.gov/system/files/other-files/2026-02/ny_new_york_city_2025-2006.zip
"Rochester, NY",Rochester,NY,https://www.epa.gov/radnet/radnet-near-real-time-air-data-rochester-ny,"November 6, 2008","April 7, 2017",True,https://radnet.epa.gov/cdx-radnet-rest/api/rest/csv/2026/fixed/ny/rochester,https://www.epa.gov/system/files/other-files/2026-02/ny_rochester_2025-2008.zip
"Syracuse, NY",Syracuse,NY,https://www.epa.gov/radnet/radnet-near-real-time-air-data-syracuse-ny,"August 25, 2009","May 19, 2017",True,https://radnet.epa.gov/cdx-radnet-rest/api/rest/csv/2026/fixed/NY/SYRACUSE,https://www.epa.gov/system/files/other-files/2026-02/ny_syracuse_2025-2009.zip
"Yaphank, NY",Yaphank,NY,https://www.epa.gov/radnet/radnet-near-real-time-air-data-yaphank-ny,"April 29, 2008","July 1, 2016",True,https://radnet.epa.gov/cdx-radnet-rest/api/rest/csv/2026/fixed/NY/YAPHANK,https://www.epa.gov/system/files/other-files/2026-02/ny_yaphank_2025-2008.zip
"Charlotte, NC",Charlotte,NC,https://www.epa.gov/radnet/radnet-near-real-time-air-data-charlotte-nc,"May 21, 2007","August 21, 2020",True,https://radnet.epa.gov/cdx-radnet-rest/api/rest/csv/2026/fixed/nc/charlotte,https://www.epa.gov/system/files/other-files/2026-02/nc_charlotte_2025-2007.zip
"Greensboro, NC",Greensboro,NC,https://www.epa.gov/radnet/radnet-near-real-time-air-data-greensboro-nc,"February 14, 2013","October 2, 2023",True,https://radnet.epa.gov/cdx-radnet-rest/api/rest/csv/2026/fixed/nc/greensboro,https://www.epa.gov/system/files/other-files/2026-02/nc_greensboro_2025-2013.zip
"Raleigh, NC",Raleigh,NC,https://www.epa.gov/radnet/radnet-near-real-time-air-data-raleigh-nc,"February 26, 2009","October 23, 2025",True,https://radnet.epa.gov/cdx-radnet-rest/api/rest/csv/2026/fixed/nc/raleigh,https://www.epa.gov/system/files/other-files/2026-02/nc_raleigh_2025-2009.zip
"Wilmington, NC",Wilmington,NC,https://www.epa.gov/radnet/radnet-near-real-time-air-data-wilmington-nc,"April 21, 2009","March 12, 2020",True,https://radnet.epa.gov/cdx-radnet-rest/api/rest/csv/2026/fixed/NC/WILMINGTON,https://www.epa.gov/system/files/other-files/2026-02/nc_wilmington_2025-2009.zip
"Bismarck, ND",Bismarck,ND,https://www.epa.gov/radnet/radnet-near-real-time-air-data-bismarck-nd,"October 23, 2008","February 3, 2022",True,https://radnet.epa.gov/cdx-radnet-rest/api/rest/csv/2026/fixed/nd/bismarck,https://www.epa.gov/system/files/other-files/2026-02/nd_bismarck_2025-2008.zip
"Cincinnati, OH",Cincinnati,OH,https://www.epa.gov/radnet/radnet-near-real-time-air-data-cincinnati-oh,"July 17, 2007","November 27, 2017",True,https://radnet.epa.gov/cdx-radnet-rest/api/rest/csv/2026/fixed/oh/cincinnati,https://www.epa.gov/system/files/other-files/2026-02/oh_cincinnati_2025-2007.zip
"Cleveland, OH",Cleveland,OH,https://www.epa.gov/radnet/radnet-near-real-time-air-data-cleveland-oh,"December 12, 2006","December 17, 2021",True,https://radnet.epa.gov/cdx-radnet-rest/api/rest/csv/2026/fixed/oh/cleveland,https://www.epa.gov/system/files/other-files/2026-02/oh_cleveland_2025-2006.zip
"Columbus, OH",Columbus,OH,https://www.epa.gov/radnet/radnet-near-real-time-air-data-columbus-oh,"July 18, 2007","January 8, 2025",True,https://radnet.epa.gov/cdx-radnet-rest/api/rest/csv/2026/fixed/OH/COLUMBUS,https://www.epa.gov/system/files/other-files/2026-02/oh_columbus_2025-2007.zip
"Toledo, OH",Toledo,OH,https://www.epa.gov/radnet/radnet-near-real-time-air-data-toledo-oh,"March 17, 2010","August 12, 2022",True,https://radnet.epa.gov/cdx-radnet-rest/api/rest/csv/2026/fixed/oh/toledo,https://www.epa.gov/system/files/other-files/2026-02/oh_toledo_2025-2010.zip
"Oklahoma City, OK",Oklahoma City,OK,https://www.epa.gov/radnet/radnet-near-real-time-air-data-oklahoma-city-ok,"July 16, 2007","November 6, 2019",True,https://radnet.epa.gov/cdx-radnet-rest/api/rest/csv/2026/fixed/ok/oklahoma%20city,https://www.epa.gov/system/files/other-files/2026-02/ok_oklahoma_city_2025-2007.zip
"Tulsa, OK",Tulsa,OK,https://www.epa.gov/radnet/radnet-near-real-time-air-data-tulsa-ok,"July 30, 2008","October 24, 2024",True,https://radnet.epa.gov/cdx-radnet-rest/api/rest/csv/2026/fixed/OK/TULSA,https://www.epa.gov/system/files/other-files/2026-02/ok_tulsa_2025-2008.zip
"Corvallis, OR",Corvallis,OR,https://www.epa.gov/radnet/radnet-near-real-time-air-data-corvallis-or,"July 25, 2008","February 28, 2023",True,https://radnet.epa.gov/cdx-radnet-rest/api/rest/csv/2026/fixed/OR/CORVALLIS,https://www.epa.gov/system/files/other-files/2026-02/or_corvallis_2025-2008.zip
"Portland, OR",Portland,OR,https://www.epa.gov/radnet/radnet-near-real-time-air-data-portland-or,"March 7, 2007","February 17, 2021",True,https://radnet.epa.gov/cdx-radnet-rest/api/rest/csv/2026/fixed/or/portland,https://www.epa.gov/system/files/other-files/2026-02/or_portland_2025-2007.zip
"Bloomsburg, PA",Bloomsburg,PA,https://www.epa.gov/radnet/radnet-near-real-time-air-data-bloomsburg-pa,"October 16, 2012","May 28, 2026",True,https://radnet.epa.gov/cdx-radnet-rest/api/rest/csv/2026/fixed/PA/BLOOMSBURG,https://www.epa.gov/system/files/other-files/2026-02/pa_bloomsburg_2025-2012.zip
"Philadelphia, PA",Philadelphia,PA,https://www.epa.gov/radnet/radnet-near-real-time-air-data-philadelphia-pa,"July 24, 2006","January 10, 2017",True,https://radnet.epa.gov/cdx-radnet-rest/api/rest/csv/2026/fixed/pa/philadelphia,https://www.epa.gov/system/files/other-files/2026-02/pa_philadelphia_2025-2006.zip
"Pittsburgh, PA",Pittsburgh,PA,https://www.epa.gov/radnet/radnet-near-real-time-air-data-pittsburgh-pa,"April 21, 2009","March 12, 2020",True,https://radnet.epa.gov/cdx-radnet-rest/api/rest/csv/2026/fixed/pa/pittsburgh,https://www.epa.gov/system/files/other-files/2026-02/pa_pittsburgh_2025-2006.zip
"San Juan, PR",San Juan,PR,https://www.epa.gov/radnet/radnet-near-real-time-air-data-san-juan-pr,"November 9, 2007","February 27, 2023",True,https://radnet.epa.gov/cdx-radnet-rest/api/rest/csv/2026/fixed/PR/SAN%20JUAN,https://www.epa.gov/system/files/other-files/2026-02/pr_san_juan_2025-2011.zip
"Providence, RI",Providence,RI,https://www.epa.gov/radnet/radnet-near-real-time-air-data-providence-ri,"December 1, 2006","April 16, 2026",True,https://radnet.epa.gov/cdx-radnet-rest/api/rest/csv/2026/fixed/ri/providence,https://www.epa.gov/system/files/other-files/2026-02/ri_providence_2025-2006.zip
"Columbia, SC",Columbia,SC,https://www.epa.gov/radnet/radnet-near-real-time-air-data-columbia-sc,"July 10, 2014","May 16, 2023",True,https://radnet.epa.gov/cdx-radnet-rest/api/rest/csv/2026/fixed/sc/columbia,https://www.epa.gov/system/files/other-files/2026-02/sc_columbia_2025-2014.zip
"Pierre, SD",Pierre,SD,https://www.epa.gov/radnet/radnet-near-real-time-air-data-pierre-sd,"October 23, 2008","January 19, 2018",True,https://radnet.epa.gov/cdx-radnet-rest/api/rest/csv/2026/fixed/sd/pierre,https://www.epa.gov/system/files/other-files/2026-02/sd_pierre_2025-2008.zip
"Rapid City, SD",Rapid City,SD,https://www.epa.gov/radnet/radnet-near-real-time-air-data-rapid-city-sd,"October 23, 2008","September 9, 2020",True,https://radnet.epa.gov/cdx-radnet-rest/api/rest/csv/2026/fixed/sd/rapid%20city,https://www.epa.gov/system/files/other-files/2026-02/sd_rapid_city_2025-2008.zip
"Knoxville, TN",Knoxville,TN,https://www.epa.gov/radnet/radnet-near-real-time-air-data-knoxville-tn,"May 8, 2011","May 4, 2023",True,https://radnet.epa.gov/cdx-radnet-rest/api/rest/csv/2026/fixed/tn/knoxville,https://www.epa.gov/system/files/other-files/2026-02/tn_knoxville_2025-2012.zip
"Memphis, TN",Memphis,TN,https://www.epa.gov/radnet/radnet-near-real-time-air-data-memphis-tn,"August 20, 2006","June 12, 2018",True,https://radnet.epa.gov/cdx-radnet-rest/api/rest/csv/2026/fixed/TN/MEMPHIS,https://www.epa.gov/system/files/other-files/2026-02/tn_memphis_2025-2006.zip
"Nashville, TN",Nashville,TN,https://www.epa.gov/radnet/radnet-near-real-time-air-data-nashville-tn,"July 26, 2007","September 10, 2019",True,https://radnet.epa.gov/cdx-radnet-rest/api/rest/csv/2026/fixed/tn/nashville,https://www.epa.gov/system/files/other-files/2026-02/tn_nashville_2025-2007.zip
"Amarillo, TX",Amarillo,TX,https://www.epa.gov/radnet/radnet-near-real-time-air-data-amarillo-tx,"August 13, 2009","February 2, 2022",True,https://radnet.epa.gov/cdx-radnet-rest/api/rest/csv/2026/fixed/tx/amarillo,https://www.epa.gov/system/files/other-files/2026-02/tx_amarillo_2025-2009.zip
"Austin, TX",Austin,TX,https://www.epa.gov/radnet/radnet-near-real-time-air-data-austin-tx,"July 10, 2007","July 13, 2016",True,https://radnet.epa.gov/cdx-radnet-rest/api/rest/csv/2026/fixed/tx/austin,https://www.epa.gov/system/files/other-files/2026-02/tx_austin_2025-2007.zip
"Corpus Christi, TX",Corpus Christi,TX,https://www.epa.gov/radnet/radnet-near-real-time-air-data-corpus-christi-tx,"March 19, 2009","October 14, 2019",True,https://radnet.epa.gov/cdx-radnet-rest/api/rest/csv/2026/fixed/tx/corpus%20christi,https://www.epa.gov/system/files/other-files/2026-02/tx_corpus_christi_2025-2009.zip
"Dallas, TX",Dallas,TX,https://www.epa.gov/radnet/radnet-near-real-time-air-data-dallas-tx,"July 11, 2007","July 1, 2016",True,https://radnet.epa.gov/cdx-radnet-rest/api/rest/csv/2026/fixed/tx/dallas,https://www.epa.gov/system/files/other-files/2026-02/tx_dallas_2025-2007.zip
"El Paso, TX",El Paso,TX,https://www.epa.gov/radnet/radnet-near-real-time-air-data-el-paso-tx,"December 24, 2008","December 17, 2020",True,,https://www.epa.gov/system/files/other-files/2026-02/tx_el_paso_2025-2008.zip
"Fort Worth, TX",Fort Worth,TX,https://www.epa.gov/radnet/radnet-near-real-time-air-data-fort-worth-tx,"March 7, 2007","August 20, 2020",True,,https://www.epa.gov/system/files/other-files/2026-02/tx_fort_worth_2025-2007.zip
"Harlingen, TX",Harlingen,TX,https://www.epa.gov/radnet/radnet-near-real-time-air-data-harlingen-tx,,,False,,https://www.epa.gov/system/files/other-files/2026-02/tx_harlingen_2025-2009.zip
"Houston, TX",Houston,TX,https://www.epa.gov/radnet/radnet-near-real-time-air-data-houston-tx,"March 14, 2007","January 3, 2017",True,,https://www.epa.gov/system/files/other-files/2026-02/tx_houston_2025-2007.zip
"Laredo, TX",Laredo,TX,https://www.epa.gov/radnet/radnet-near-real-time-air-data-laredo-tx,,"September 10, 2019",True,,https://www.epa.gov/system/files/other-files/2026-02/tx_laredo_2025-2009.zip
"Lubbock, TX",Lubbock,TX,https://www.epa.gov/radnet/radnet-near-real-time-air-data-lubbock-tx,"January 3, 2011","May 27, 2020",True,,https://www.epa.gov/system/files/other-files/2026-02/tx_lubbock_2025-2010.zip
"San Angelo, TX",San Angelo,TX,https://www.epa.gov/radnet/radnet-near-real-time-air-data-san-angelo-tx,"September 1, 2009","September 8, 2021",True,,https://www.epa.gov/system/files/other-files/2026-02/tx_san_angelo_2025-2009.zip
"San Antonio, TX",San Antonio,TX,https://www.epa.gov/radnet/radnet-near-real-time-air-data-san-antonio-tx,"February 25, 2008","August 8, 2016",True,https://radnet.epa.gov/cdx-radnet-rest/api/rest/csv/2026/fixed/tx/san%20antonio,https://www.epa.gov/system/files/other-files/2026-02/tx_san_antonio_2025-2008.zip
"Salt Lake City, UT",Salt Lake City,UT,https://www.epa.gov/radnet/radnet-near-real-time-air-data-salt-lake-city-ut,"January 9, 2007","July 1, 2019",True,https://radnet.epa.gov/cdx-radnet-rest/api/rest/csv/2026/fixed/ut/salt lake city,https://www.epa.gov/system/files/other-files/2026-02/ut_salt_lake_city_2025-2007.zip
"St. George, UT",St. George,UT,https://www.epa.gov/radnet/radnet-near-real-time-air-data-st-george-ut,,,False,https://radnet.epa.gov/cdx-radnet-rest/api/rest/csv/2026/fixed/ut/st. george,https://www.epa.gov/system/files/other-files/2026-02/ut_st-george_2025-2012.zip
"Harrisonburg, VA",Harrisonburg,VA,https://www.epa.gov/radnet/radnet-near-real-time-air-data-harrisonburg-va,"November 25, 2008","August 10, 2021",True,https://radnet.epa.gov/cdx-radnet-rest/api/rest/csv/2026/fixed/va/harrisonburg,https://www.epa.gov/system/files/other-files/2026-02/va_harrisonburg_2025-2008.zip
"Richmond, VA",Richmond,VA,https://www.epa.gov/radnet/radnet-near-real-time-air-data-richmond-va,"May 24, 2007","June 12, 2018",True,https://radnet.epa.gov/cdx-radnet-rest/api/rest/csv/2026/fixed/va/richmond,https://www.epa.gov/system/files/other-files/2026-02/va_richmond_2025-2007.zip
"Virginia Beach, VA",Virginia Beach,VA,https://www.epa.gov/radnet/radnet-near-real-time-air-data-virginia-beach-va,"May 25, 2007","June 21, 2024",True,https://radnet.epa.gov/cdx-radnet-rest/api/rest/csv/2026/fixed/va/virginia beach,https://www.epa.gov/system/files/other-files/2026-02/va_virginia_beach_2025-2007.zip
"Burlington, VT",Burlington,VT,https://www.epa.gov/radnet/radnet-near-real-time-air-data-burlington-vt,"December 16, 2009","August 1, 2016",True,https://radnet.epa.gov/cdx-radnet-rest/api/rest/csv/2026/fixed/vt/burlington,https://www.epa.gov/system/files/other-files/2026-02/vt_burlington_2025-2009.zip
"Ellensburg, WA",Ellensburg,WA,https://www.epa.gov/radnet/radnet-near-real-time-air-data-ellensburg-wa,"April 12, 2016","April 9, 2025",True,https://radnet.epa.gov/cdx-radnet-rest/api/rest/csv/2026/fixed/wa/ellensburg,https://www.epa.gov/system/files/other-files/2026-02/wa_ellensburg_2025-2016.zip
"Olympia, WA",Olympia,WA,https://www.epa.gov/radnet/radnet-near-real-time-air-data-olympia-wa,"April 2, 2008","September 9, 2020",True,https://radnet.epa.gov/cdx-radnet-rest/api/rest/csv/2026/fixed/wa/olympia,https://www.epa.gov/system/files/other-files/2026-02/wa_olympia_2025-2008.zip
"Richland, WA",Richland,WA,https://www.epa.gov/radnet/radnet-near-real-time-air-data-richland-wa,"September 29, 2009","July 1, 2016",True,https://radnet.epa.gov/cdx-radnet-rest/api/rest/csv/2026/fixed/WA/RICHLAND,https://www.epa.gov/system/files/other-files/2026-02/wa_richland_2025-2009.zip
"Seattle, WA",Seattle,WA,https://www.epa.gov/radnet/radnet-near-real-time-air-data-seattle-wa,"June 2, 2008","December 19, 2024",True,https://radnet.epa.gov/cdx-radnet-rest/api/rest/csv/2026/fixed/wa/seattle,https://www.epa.gov/system/files/other-files/2026-02/wa_seattle_2025-2008.zip
"Spokane, WA",Spokane,WA,https://www.epa.gov/radnet/radnet-near-real-time-air-data-spokane-wa,"June 3, 2008","July 1, 2019",True,https://radnet.epa.gov/cdx-radnet-rest/api/rest/csv/2026/fixed/wa/spokane,https://www.epa.gov/system/files/other-files/2026-02/wa_spokane_2025-2008.zip
"Charleston, WV",Charleston,WV,https://www.epa.gov/radnet/radnet-near-real-time-air-data-charleston-wv,"March 11, 2008","July 8, 2024",True,https://radnet.epa.gov/cdx-radnet-rest/api/rest/csv/2026/fixed/wv/charleston,https://www.epa.gov/system/files/other-files/2026-02/wv_charleston_2025-2008.zip
"Madison, WI",Madison,WI,https://www.epa.gov/radnet/radnet-near-real-time-air-data-madison-wi,"November 7, 2008","January 14, 2020",True,https://radnet.epa.gov/cdx-radnet-rest/api/rest/csv/2026/fixed/wi/madison,https://www.epa.gov/system/files/other-files/2026-02/wi_madison_2025-2008.zip
"Milwaukee, WI",Milwaukee,WI,https://www.epa.gov/radnet/radnet-near-real-time-air-data-milwaukee-wi,"October 25, 2006","December 3, 2018",True,https://radnet.epa.gov/cdx-radnet-rest/api/rest/csv/2026/fixed/WI/MILWAUKEE,https://www.epa.gov/system/files/other-files/2026-02/wi_milwaukee_2025-2006.zip
"Shawano, WI",Shawano,WI,https://www.epa.gov/radnet/radnet-near-real-time-air-data-shawano-wi,"August 28, 2012","November 8, 2021",True,https://radnet.epa.gov/cdx-radnet-rest/api/rest/csv/2026/fixed/WI/SHAWANO,https://www.epa.gov/system/files/other-files/2026-02/wi_shawano_2025-2012.zip
"Casper, WY",Casper,WY,https://www.epa.gov/radnet/radnet-near-real-time-air-data-casper-wy,"October 28, 2013","April 23, 2020",True,https://radnet.epa.gov/cdx-radnet-rest/api/rest/csv/2026/fixed/WY/CASPER,https://www.epa.gov/system/files/other-files/2026-02/wy_casper_2025-2013.zip
