Group,Category,Rain_Hours,Mean,Std,p10,p25,p50_Median,p75,p90,p95,p99,Max
All Stations Pooled,All Rain,15602,11.98,23.84,-10.06,-2.89,6.81,21.57,41.39,56.5,97.9,196.76
All Stations Pooled (Delta CPM),All Rain,15602,289.02,672.2,-404.23,-89.25,179.34,574.82,1108.66,1545.72,2541.79,5931.77
All Stations Pooled (Z-Score),All Rain,15602,1.04,2.1,-1.08,-0.29,0.56,1.92,3.68,5.08,8.38,18.58
Pooled (Light (<=1mm)),Rain Intensity,8046,7.58,19.49,-10.65,-4.4,4.11,15.71,31.1,43.01,74.87,162.06
Pooled (Moderate (1-5mm)),Rain Intensity,5278,14.74,24.93,-9.65,-1.62,9.82,26.09,46.43,61.33,100.26,181.73
Pooled (Heavy (>5mm)),Rain Intensity,2278,21.11,30.69,-7.28,1.85,13.98,34.09,59.7,81.25,126.08,196.76
"Birmingham, AL",All Rain,4104,9.52,15.27,-5.91,-1.42,6.45,16.87,28.47,36.9,59.24,152.56
"Birmingham, AL (Heavy >5mm)",Heavy Rain,707,16.02,20.19,-4.73,1.67,13.06,25.61,38.81,49.58,88.17,152.56
"Washington, DC",All Rain,4575,18.63,25.77,-6.2,0.92,12.34,28.64,49.82,70.01,110.43,196.76
"Washington, DC (Heavy >5mm)",Heavy Rain,469,37.52,36.85,1.49,10.23,27.21,53.7,91.85,109.1,156.51,196.76
"San Diego, CA",All Rain,1452,-8.0,6.21,-15.28,-12.54,-8.83,-4.51,0.23,3.88,10.65,22.31
"San Diego, CA (Heavy >5mm)",Heavy Rain,67,-8.12,5.75,-14.07,-12.6,-9.88,-3.94,-1.06,3.42,5.1,5.22
"Dallas, TX",All Rain,2718,22.92,28.88,-6.99,0.13,16.28,39.56,61.59,76.67,110.51,183.96
"Dallas, TX (Heavy >5mm)",Heavy Rain,481,31.98,34.22,-6.82,3.8,25.37,53.72,74.06,96.39,126.57,183.96
"Tampa, FL",All Rain,2753,4.33,21.36,-29.59,-2.48,5.39,14.8,27.6,37.94,58.64,140.87
"Tampa, FL (Heavy >5mm)",Heavy Rain,554,7.82,23.28,-27.16,-0.94,6.76,19.96,33.33,46.48,73.58,140.87
