tier_name,seed,target_detection,frozen_tau,realized_detection_total_pct,realized_detection_6h_pct,realized_detection_12h_pct,realized_detection_24h_pct,clean_false_alarms_per_year,rain_coincident_pct,median_delay_hours
Tier 1 (Gross),42,90.0,0.74,89.5,31.0,65.5,81.5,100.13,19.4,8.0
Tier 1 (Gross),42,95.0,0.6,92.0,50.0,80.5,88.0,202.07,16.2,6.0
Tier 1 (Gross),42,98.0,0.54,92.0,53.5,83.0,90.0,252.63,14.9,6.0
Tier 1 (Gross),43,90.0,0.77,89.0,28.0,58.5,77.5,80.9,20.5,9.0
Tier 1 (Gross),43,95.0,0.65,93.0,47.0,79.0,88.5,161.87,17.3,6.0
Tier 1 (Gross),43,98.0,0.5700000000000001,94.0,54.5,84.5,90.0,229.7,15.5,6.0
Tier 1 (Gross),44,90.0,0.74,90.0,32.5,63.5,81.5,103.34,19.1,8.0
Tier 1 (Gross),44,95.0,0.63,92.0,47.5,78.0,87.5,182.51,17.0,6.0
Tier 1 (Gross),44,98.0,0.45,96.0,62.5,89.0,94.5,338.55,12.8,5.0
Tier 1 (Gross),45,90.0,0.79,87.5,24.5,54.0,76.0,67.66,21.8,9.0
Tier 1 (Gross),45,95.0,0.67,92.5,42.0,75.5,87.0,151.1,18.4,7.0
Tier 1 (Gross),45,98.0,0.56,94.5,54.5,84.5,92.5,240.63,15.0,6.0
Tier 1 (Gross),46,90.0,0.75,88.5,29.0,62.0,79.0,92.16,20.2,9.0
Tier 1 (Gross),46,95.0,0.66,91.0,43.0,74.5,86.0,154.31,17.9,7.0
Tier 1 (Gross),46,98.0,0.55,93.0,54.0,83.0,91.0,245.56,14.7,6.0
Tier 1 (Gross),47,90.0,0.74,89.0,31.5,66.0,80.5,99.23,19.1,8.0
Tier 1 (Gross),47,95.0,0.62,92.0,48.0,78.0,88.0,187.19,16.6,6.0
Tier 1 (Gross),47,98.0,0.5700000000000001,93.0,54.0,83.5,89.5,231.01,15.5,6.0
Tier 1 (Gross),48,90.0,0.75,89.0,30.5,61.0,80.0,91.91,20.5,9.0
Tier 1 (Gross),48,95.0,0.66,91.0,42.5,72.0,85.0,152.25,17.8,7.0
Tier 1 (Gross),48,98.0,0.51,93.5,55.0,85.0,92.5,275.0,14.2,6.0
Tier 1 (Gross),49,90.0,0.77,88.0,27.0,55.5,77.0,80.16,20.6,9.0
Tier 1 (Gross),49,95.0,0.64,92.5,46.0,77.0,88.0,167.79,16.9,7.0
Tier 1 (Gross),49,98.0,0.5,95.0,60.0,88.0,93.0,286.34,14.2,5.0
Tier 1 (Gross),50,90.0,0.75,89.0,30.5,62.0,79.5,94.71,20.1,9.0
Tier 1 (Gross),50,95.0,0.6900000000000001,91.0,38.5,71.0,83.5,134.09,18.2,7.5
Tier 1 (Gross),50,98.0,0.5800000000000001,93.0,52.0,82.0,89.5,223.53,15.4,6.0
Tier 1 (Gross),51,90.0,0.76,89.5,30.0,61.0,80.0,86.49,20.3,9.0
Tier 1 (Gross),51,95.0,0.67,92.5,43.5,75.5,87.0,145.51,18.0,7.0
Tier 1 (Gross),51,98.0,0.52,94.0,56.0,86.5,93.0,270.8,14.2,6.0
Tier 1 (Gross),52,90.0,0.79,87.0,26.5,53.5,75.0,68.32,22.3,10.5
Tier 1 (Gross),52,95.0,0.68,91.0,41.5,72.0,84.5,140.17,18.1,7.0
Tier 1 (Gross),52,98.0,0.54,94.5,55.0,85.0,92.5,250.83,14.9,5.0
Tier 1 (Gross),53,90.0,0.75,88.0,31.0,63.0,79.5,96.93,20.1,8.0
Tier 1 (Gross),53,95.0,0.64,92.5,45.5,78.5,87.5,177.66,17.2,7.0
Tier 1 (Gross),53,98.0,0.54,93.5,56.5,86.5,91.5,262.75,14.8,6.0
Tier 1 (Gross),54,90.0,0.73,89.0,33.5,65.5,81.5,109.01,19.5,8.0
Tier 1 (Gross),54,95.0,0.66,92.0,44.0,75.5,87.0,157.85,17.6,7.0
Tier 1 (Gross),54,98.0,0.52,94.5,58.0,87.5,93.5,274.01,14.4,6.0
Tier 1 (Gross),55,90.0,0.74,89.5,31.0,60.0,79.0,99.56,20.3,8.0
Tier 1 (Gross),55,95.0,0.6,93.0,51.0,80.0,89.5,202.07,16.2,6.0
Tier 1 (Gross),55,98.0,0.43,96.0,62.0,89.5,95.0,352.11,12.6,5.0
Tier 1 (Gross),56,90.0,0.79,88.0,26.0,52.5,76.0,68.4,22.7,9.0
Tier 1 (Gross),56,95.0,0.66,92.5,44.5,76.0,86.5,154.72,17.6,7.0
Tier 1 (Gross),56,98.0,0.56,93.5,54.0,85.5,91.5,236.11,15.1,6.0
Tier 1 (Gross),57,90.0,0.75,90.0,29.5,62.5,80.5,91.58,19.9,8.5
Tier 1 (Gross),57,95.0,0.61,92.5,48.0,79.5,87.5,192.54,16.3,6.0
Tier 1 (Gross),57,98.0,0.5700000000000001,93.5,52.0,82.0,90.5,225.75,15.0,6.0
Tier 1 (Gross),58,90.0,0.77,87.5,28.5,59.0,78.5,81.06,20.3,9.0
Tier 1 (Gross),58,95.0,0.63,92.0,46.0,79.0,87.5,182.51,16.7,6.5
Tier 1 (Gross),58,98.0,0.47000000000000003,94.0,59.5,88.5,92.5,322.19,13.3,5.0
Tier 1 (Gross),59,90.0,0.78,88.5,26.5,57.5,78.5,76.46,20.8,9.0
Tier 1 (Gross),59,95.0,0.66,91.0,41.5,73.5,84.5,157.68,17.8,7.0
Tier 1 (Gross),59,98.0,0.56,93.0,52.5,82.5,90.5,236.27,14.9,6.0
Tier 1 (Gross),60,90.0,0.77,89.5,30.5,61.5,80.5,81.14,21.0,9.0
Tier 1 (Gross),60,95.0,0.65,91.5,45.0,76.5,86.5,163.76,17.8,7.0
Tier 1 (Gross),60,98.0,0.5,94.5,59.5,88.5,93.5,291.27,14.0,5.0
Tier 1 (Gross),61,90.0,0.75,89.0,30.0,59.5,79.5,97.26,20.1,9.0
Tier 1 (Gross),61,95.0,0.65,92.5,43.5,77.0,88.0,167.87,17.2,7.0
Tier 1 (Gross),61,98.0,0.4,97.5,65.5,92.0,96.5,389.6,11.9,5.0
Tier 1b (Gross+Weather),42,90.0,0.92,78.5,13.0,46.5,69.0,17.76,0.0,11.0
Tier 1b (Gross+Weather),42,95.0,0.87,84.5,24.5,58.0,78.0,31.4,0.0,9.0
Tier 1b (Gross+Weather),42,98.0,0.78,91.0,35.5,66.0,86.0,63.96,0.3,8.0
Tier 1b (Gross+Weather),43,90.0,0.91,82.0,14.0,51.0,72.0,19.32,0.0,10.0
Tier 1b (Gross+Weather),43,95.0,0.89,83.5,20.0,54.5,73.5,24.01,0.0,10.0
Tier 1b (Gross+Weather),43,98.0,0.74,93.5,39.0,71.0,88.5,76.95,0.6,7.0
Tier 1b (Gross+Weather),44,90.0,0.9,81.5,17.0,52.5,72.5,22.61,0.0,10.0
Tier 1b (Gross+Weather),44,95.0,0.88,85.5,22.5,58.0,77.0,27.87,0.0,10.0
Tier 1b (Gross+Weather),44,98.0,0.74,92.0,37.5,69.5,87.5,76.21,0.4,7.0
Tier 1b (Gross+Weather),45,90.0,0.92,80.5,15.5,49.5,71.0,17.76,0.0,11.0
Tier 1b (Gross+Weather),45,95.0,0.87,86.5,25.5,57.5,78.0,32.06,0.0,9.0
Tier 1b (Gross+Weather),45,98.0,0.72,93.0,40.0,70.5,89.0,86.24,1.0,7.0
Tier 1b (Gross+Weather),46,90.0,0.92,78.5,12.0,46.0,67.5,17.59,0.0,11.0
Tier 1b (Gross+Weather),46,95.0,0.87,86.5,25.0,58.0,75.5,33.13,0.0,9.0
Tier 1b (Gross+Weather),46,98.0,0.79,92.0,35.5,66.5,86.5,61.99,0.2,8.0
Tier 1b (Gross+Weather),47,90.0,0.92,77.0,12.0,46.0,68.0,18.25,0.0,11.0
Tier 1b (Gross+Weather),47,95.0,0.88,85.5,22.5,57.0,76.0,26.88,0.0,10.0
Tier 1b (Gross+Weather),47,98.0,0.76,91.5,38.0,68.5,86.5,71.44,0.5,8.0
Tier 1b (Gross+Weather),48,90.0,0.92,79.5,13.5,47.0,69.5,17.43,0.0,11.0
Tier 1b (Gross+Weather),48,95.0,0.87,86.5,24.5,57.5,78.5,30.83,0.0,9.0
Tier 1b (Gross+Weather),48,98.0,0.76,92.5,38.0,68.0,87.5,71.61,0.6,8.0
Tier 1b (Gross+Weather),49,90.0,0.92,80.5,13.5,48.5,70.0,18.0,0.0,11.0
Tier 1b (Gross+Weather),49,95.0,0.87,86.5,25.0,59.0,78.5,31.16,0.0,9.0
Tier 1b (Gross+Weather),49,98.0,0.76,92.5,36.0,69.0,86.5,67.74,0.7,8.0
Tier 1b (Gross+Weather),50,90.0,0.91,81.5,16.5,50.5,72.5,19.73,0.0,11.0
Tier 1b (Gross+Weather),50,95.0,0.87,86.5,26.0,59.0,78.5,31.24,0.0,9.0
Tier 1b (Gross+Weather),50,98.0,0.8,91.0,32.5,67.5,85.5,56.56,0.2,8.0
Tier 1b (Gross+Weather),51,90.0,0.92,78.5,13.5,48.0,68.5,18.25,0.0,11.0
Tier 1b (Gross+Weather),51,95.0,0.89,84.5,22.0,55.0,74.5,26.23,0.0,10.0
Tier 1b (Gross+Weather),51,98.0,0.78,90.5,34.5,67.5,85.5,60.92,0.3,8.0
Tier 1b (Gross+Weather),52,90.0,0.92,77.0,12.0,46.5,68.0,17.02,0.0,11.0
Tier 1b (Gross+Weather),52,95.0,0.87,86.0,25.0,58.5,78.0,30.83,0.0,9.0
Tier 1b (Gross+Weather),52,98.0,0.77,91.0,36.0,67.0,86.0,66.59,0.2,8.0
Tier 1b (Gross+Weather),53,90.0,0.93,75.0,11.0,41.5,65.5,14.88,0.0,12.0
Tier 1b (Gross+Weather),53,95.0,0.88,85.0,21.5,56.0,76.5,28.69,0.0,10.0
Tier 1b (Gross+Weather),53,98.0,0.72,94.5,40.5,74.0,89.5,84.35,1.2,7.0
Tier 1b (Gross+Weather),54,90.0,0.91,81.5,16.5,51.0,71.0,20.39,0.0,11.0
Tier 1b (Gross+Weather),54,95.0,0.86,88.0,26.0,60.0,79.0,35.52,0.0,9.0
Tier 1b (Gross+Weather),54,98.0,0.75,92.5,38.5,71.0,87.5,73.5,0.3,7.0
Tier 1b (Gross+Weather),55,90.0,0.91,81.5,16.0,51.0,73.0,19.65,0.0,10.0
Tier 1b (Gross+Weather),55,95.0,0.87,86.5,25.0,58.5,79.0,31.65,0.0,9.0
Tier 1b (Gross+Weather),55,98.0,0.75,92.0,39.0,70.0,87.5,73.5,0.6,7.0
Tier 1b (Gross+Weather),56,90.0,0.92,78.0,12.5,45.5,68.0,17.59,0.0,11.0
Tier 1b (Gross+Weather),56,95.0,0.88,86.0,24.0,56.5,76.0,29.27,0.0,9.5
Tier 1b (Gross+Weather),56,98.0,0.81,90.5,32.0,64.5,84.0,51.88,0.0,8.0
Tier 1b (Gross+Weather),57,90.0,0.93,77.0,11.0,47.0,67.5,15.46,0.0,11.0
Tier 1b (Gross+Weather),57,95.0,0.9,83.5,19.0,54.0,74.5,22.03,0.0,10.0
Tier 1b (Gross+Weather),57,98.0,0.8,90.0,33.0,65.0,85.0,56.31,0.2,8.0
Tier 1b (Gross+Weather),58,90.0,0.93,75.5,10.0,44.0,66.5,15.13,0.0,11.0
Tier 1b (Gross+Weather),58,95.0,0.88,85.5,21.5,56.5,76.0,28.36,0.0,10.0
Tier 1b (Gross+Weather),58,98.0,0.77,92.0,37.0,66.5,87.5,67.0,0.4,8.0
Tier 1b (Gross+Weather),59,90.0,0.91,81.0,14.5,51.0,72.0,19.57,0.0,11.0
Tier 1b (Gross+Weather),59,95.0,0.9,81.5,16.0,52.0,72.5,22.77,0.0,11.0
Tier 1b (Gross+Weather),59,98.0,0.76,91.5,36.0,69.0,86.5,70.13,0.5,8.0
Tier 1b (Gross+Weather),60,90.0,0.91,82.0,17.0,51.5,71.5,20.06,0.0,10.0
Tier 1b (Gross+Weather),60,95.0,0.86,88.5,27.0,61.0,80.0,36.42,0.0,9.0
Tier 1b (Gross+Weather),60,98.0,0.7000000000000001,95.0,42.5,74.5,90.0,93.23,1.1,7.0
Tier 1b (Gross+Weather),61,90.0,0.92,79.0,14.0,46.5,68.5,16.85,0.0,11.0
Tier 1b (Gross+Weather),61,95.0,0.89,85.0,22.0,55.0,74.0,24.99,0.0,10.0
Tier 1b (Gross+Weather),61,98.0,0.78,90.5,37.0,66.5,85.5,66.18,0.3,8.0
Tier 2 (Spectral),42,90.0,0.985,95.0,77.0,93.0,95.0,7.73,1.4,4.0
Tier 2 (Spectral),42,95.0,0.985,95.0,77.0,93.0,95.0,7.73,1.4,4.0
Tier 2 (Spectral),42,98.0,0.85,97.0,89.0,96.5,97.0,240.8,5.2,3.0
Tier 2 (Spectral),43,90.0,0.995,89.0,64.5,85.0,89.0,2.63,0.0,5.0
Tier 2 (Spectral),43,95.0,0.99,92.5,72.0,89.5,92.0,4.93,0.0,4.0
Tier 2 (Spectral),43,98.0,0.86,96.5,88.5,96.0,96.5,171.33,6.7,3.0
Tier 2 (Spectral),44,90.0,0.995,91.0,67.0,87.0,90.0,2.96,0.0,4.0
Tier 2 (Spectral),44,95.0,0.993,91.5,69.5,88.5,91.0,5.1,6.5,4.0
Tier 2 (Spectral),44,98.0,0.85,97.0,89.0,96.5,97.0,171.57,5.4,3.0
Tier 2 (Spectral),45,90.0,0.994,88.5,67.0,85.0,88.5,1.89,0.0,4.0
Tier 2 (Spectral),45,95.0,0.985,94.0,76.5,91.5,94.0,16.61,12.8,4.0
Tier 2 (Spectral),45,98.0,0.87,96.5,85.0,95.0,96.5,216.3,5.0,3.0
Tier 2 (Spectral),46,90.0,0.994,91.5,68.5,88.0,91.0,2.88,3.3,4.0
Tier 2 (Spectral),46,95.0,0.993,92.5,70.5,89.0,92.0,3.62,6.8,4.0
Tier 2 (Spectral),46,98.0,0.8400000000000001,96.5,88.5,96.0,96.5,186.37,5.8,3.0
Tier 2 (Spectral),47,90.0,0.996,87.5,62.5,83.0,86.5,0.99,0.0,5.0
Tier 2 (Spectral),47,95.0,0.991,92.5,71.5,89.0,92.0,3.45,0.0,4.0
Tier 2 (Spectral),47,98.0,0.87,97.0,89.0,96.5,97.0,209.31,5.5,3.0
Tier 2 (Spectral),48,90.0,0.994,91.5,66.5,87.5,91.0,3.12,7.0,4.0
Tier 2 (Spectral),48,95.0,0.99,93.0,73.5,89.5,93.0,15.87,12.5,4.0
Tier 2 (Spectral),48,98.0,0.86,97.0,89.0,96.5,97.0,192.87,5.5,3.0
Tier 2 (Spectral),49,90.0,0.995,90.0,67.5,86.0,89.0,2.8,9.3,4.0
Tier 2 (Spectral),49,95.0,0.992,93.0,73.0,89.0,93.0,7.73,11.9,4.0
Tier 2 (Spectral),49,98.0,0.89,97.0,85.5,94.5,96.5,182.02,4.7,3.0
Tier 2 (Spectral),50,90.0,0.993,91.0,69.0,87.5,91.0,2.88,0.0,4.0
Tier 2 (Spectral),50,95.0,0.99,92.0,72.0,88.5,92.0,5.1,0.0,4.0
Tier 2 (Spectral),50,98.0,0.87,96.0,86.5,94.5,95.5,186.95,4.9,3.0
Tier 2 (Spectral),51,90.0,0.995,89.5,63.5,85.5,88.5,1.07,0.0,4.0
Tier 2 (Spectral),51,95.0,0.99,93.0,73.5,90.0,93.0,8.96,7.0,4.0
Tier 2 (Spectral),51,98.0,0.8300000000000001,97.0,86.5,92.5,95.0,156.28,4.3,3.0
Tier 2 (Spectral),52,90.0,0.993,92.0,71.0,88.5,91.0,4.03,0.0,4.0
Tier 2 (Spectral),52,95.0,0.99,93.5,74.0,90.0,92.5,6.66,0.8,4.0
Tier 2 (Spectral),52,98.0,0.87,96.0,84.0,93.0,95.5,189.5,4.3,3.0
Tier 2 (Spectral),53,90.0,0.996,88.0,64.0,84.5,87.0,0.99,0.0,5.0
Tier 2 (Spectral),53,95.0,0.991,94.0,73.5,91.5,94.0,4.27,0.0,4.0
Tier 2 (Spectral),53,98.0,0.8300000000000001,96.5,88.5,95.0,96.5,216.54,4.9,3.0
Tier 2 (Spectral),54,90.0,0.993,91.0,68.5,87.5,90.5,3.04,0.0,4.0
Tier 2 (Spectral),54,95.0,0.985,94.5,75.0,92.0,94.0,13.73,13.7,4.0
Tier 2 (Spectral),54,98.0,0.86,96.5,88.0,95.5,96.5,188.26,5.9,3.0
Tier 2 (Spectral),55,90.0,0.993,91.0,69.5,88.5,91.0,2.96,0.0,4.0
Tier 2 (Spectral),55,95.0,0.991,92.5,73.0,90.5,92.5,5.51,0.0,4.0
Tier 2 (Spectral),55,98.0,0.78,96.5,86.5,94.0,96.0,243.1,4.2,3.0
Tier 2 (Spectral),56,90.0,0.99,91.5,71.5,88.5,91.5,4.19,1.3,4.0
Tier 2 (Spectral),56,95.0,0.985,94.0,76.0,91.5,93.5,8.55,3.3,4.0
Tier 2 (Spectral),56,98.0,0.87,97.5,85.5,95.5,97.5,194.51,5.1,3.0
Tier 2 (Spectral),57,90.0,0.991,92.0,71.5,88.0,91.5,4.03,0.0,4.0
Tier 2 (Spectral),57,95.0,0.991,92.0,71.5,88.0,91.5,4.03,0.0,4.0
Tier 2 (Spectral),57,98.0,0.81,97.5,88.0,96.0,97.5,222.22,4.9,3.0
Tier 2 (Spectral),58,90.0,0.994,90.5,67.5,87.0,90.0,3.12,0.0,4.0
Tier 2 (Spectral),58,95.0,0.99,92.5,71.0,90.5,92.5,7.15,7.0,4.0
Tier 2 (Spectral),58,98.0,0.87,96.0,86.0,94.5,95.5,172.73,4.9,3.0
Tier 2 (Spectral),59,90.0,0.994,89.0,67.0,85.0,88.5,3.37,1.4,4.0
Tier 2 (Spectral),59,95.0,0.99,92.5,73.5,90.5,92.5,6.91,6.4,4.0
Tier 2 (Spectral),59,98.0,0.88,96.5,83.5,93.0,95.5,149.62,4.6,3.0
Tier 2 (Spectral),60,90.0,0.995,89.0,66.0,85.5,88.5,1.97,0.0,4.0
Tier 2 (Spectral),60,95.0,0.99,93.0,73.0,91.0,93.0,4.85,0.0,4.0
Tier 2 (Spectral),60,98.0,0.8300000000000001,97.0,85.5,92.5,96.5,181.93,4.2,3.0
Tier 2 (Spectral),61,90.0,0.991,92.0,72.0,89.0,92.0,3.54,3.2,4.0
Tier 2 (Spectral),61,95.0,0.991,92.0,72.0,89.0,92.0,3.54,3.2,4.0
Tier 2 (Spectral),61,98.0,0.8,97.0,87.0,94.0,96.5,204.29,4.6,3.0
Tier 3 (Weather Fusion),42,90.0,0.993,90.0,65.5,85.0,89.5,2.96,0.0,4.5
Tier 3 (Weather Fusion),42,95.0,0.99,92.0,70.0,88.5,91.5,4.11,0.0,4.0
Tier 3 (Weather Fusion),42,98.0,0.78,98.0,87.5,97.5,98.0,204.71,3.3,3.0
Tier 3 (Weather Fusion),43,90.0,0.993,90.0,67.0,85.5,90.0,3.86,0.0,4.0
Tier 3 (Weather Fusion),43,95.0,0.985,94.5,74.5,90.0,93.5,6.91,0.0,4.0
Tier 3 (Weather Fusion),43,98.0,0.78,98.5,89.5,98.0,98.0,190.4,4.2,3.0
Tier 3 (Weather Fusion),44,90.0,0.996,84.0,57.5,77.5,82.5,0.99,0.0,5.0
Tier 3 (Weather Fusion),44,95.0,0.99,90.5,68.0,86.0,89.5,3.29,0.0,4.0
Tier 3 (Weather Fusion),44,98.0,0.8400000000000001,98.0,86.5,95.5,97.5,130.06,3.3,3.0
Tier 3 (Weather Fusion),45,90.0,0.995,85.5,60.5,82.0,85.5,1.07,0.0,5.0
Tier 3 (Weather Fusion),45,95.0,0.985,93.0,71.0,88.5,92.5,4.69,0.0,4.0
Tier 3 (Weather Fusion),45,98.0,0.72,98.5,90.0,97.0,98.0,154.64,3.2,3.0
Tier 3 (Weather Fusion),46,90.0,0.994,88.0,61.5,82.0,87.0,1.81,0.0,5.0
Tier 3 (Weather Fusion),46,95.0,0.985,94.5,71.5,90.0,94.0,4.36,0.0,4.0
Tier 3 (Weather Fusion),46,98.0,0.7100000000000001,99.0,89.5,97.5,98.5,196.65,3.0,3.0
Tier 3 (Weather Fusion),47,90.0,0.994,88.5,63.5,84.0,88.0,2.3,0.0,4.0
Tier 3 (Weather Fusion),47,95.0,0.99,92.0,69.5,87.5,91.0,3.62,0.0,4.0
Tier 3 (Weather Fusion),47,98.0,0.79,97.5,88.5,96.0,97.0,191.8,2.9,3.0
Tier 3 (Weather Fusion),48,90.0,0.991,91.5,68.5,86.0,90.5,2.8,0.0,4.0
Tier 3 (Weather Fusion),48,95.0,0.991,91.5,68.5,86.0,90.5,2.8,0.0,4.0
Tier 3 (Weather Fusion),48,98.0,0.7100000000000001,98.0,87.5,96.0,97.0,202.24,3.9,3.0
Tier 3 (Weather Fusion),49,90.0,0.995,85.5,59.0,80.5,85.5,1.15,0.0,5.0
Tier 3 (Weather Fusion),49,95.0,0.98,94.0,76.0,91.0,93.5,6.49,0.0,4.0
Tier 3 (Weather Fusion),49,98.0,0.7100000000000001,98.5,87.5,97.0,98.0,208.98,5.7,3.0
Tier 3 (Weather Fusion),50,90.0,0.985,94.5,75.5,91.0,94.0,6.33,0.0,4.0
Tier 3 (Weather Fusion),50,95.0,0.985,94.5,75.5,91.0,94.0,6.33,0.0,4.0
Tier 3 (Weather Fusion),50,98.0,0.76,96.0,87.0,94.5,95.0,169.35,3.8,3.0
Tier 3 (Weather Fusion),51,90.0,0.99,92.5,69.0,87.5,91.5,3.12,0.0,4.0
Tier 3 (Weather Fusion),51,95.0,0.99,92.5,69.0,87.5,91.5,3.12,0.0,4.0
Tier 3 (Weather Fusion),51,98.0,0.74,98.0,88.0,96.0,97.0,190.07,4.4,3.0
Tier 3 (Weather Fusion),52,90.0,0.992,88.5,65.0,85.0,88.5,2.14,0.0,4.0
Tier 3 (Weather Fusion),52,95.0,0.99,91.0,66.0,86.0,89.5,3.12,0.0,4.0
Tier 3 (Weather Fusion),52,98.0,0.8,99.0,88.5,97.0,98.5,152.5,2.6,3.0
Tier 3 (Weather Fusion),53,90.0,0.994,88.5,63.0,82.0,88.0,1.15,0.0,5.0
Tier 3 (Weather Fusion),53,95.0,0.99,92.5,67.5,88.0,91.5,3.12,0.0,4.0
Tier 3 (Weather Fusion),53,98.0,0.8,97.5,87.5,95.5,97.0,188.59,3.5,3.0
Tier 3 (Weather Fusion),54,90.0,0.993,89.0,66.5,84.0,88.5,4.11,0.0,4.0
Tier 3 (Weather Fusion),54,95.0,0.99,91.0,69.5,86.5,90.5,4.36,0.0,4.0
Tier 3 (Weather Fusion),54,98.0,0.76,97.5,88.0,96.0,97.0,171.74,2.7,3.0
Tier 3 (Weather Fusion),55,90.0,0.99,92.5,70.0,89.0,92.0,4.36,0.0,4.0
Tier 3 (Weather Fusion),55,95.0,0.99,92.5,70.0,89.0,92.0,4.36,0.0,4.0
Tier 3 (Weather Fusion),55,98.0,0.75,98.0,88.5,97.5,98.0,217.94,4.5,3.0
Tier 3 (Weather Fusion),56,90.0,0.995,86.0,59.0,81.5,86.0,0.99,0.0,5.0
Tier 3 (Weather Fusion),56,95.0,0.98,95.0,74.5,91.5,94.5,5.18,0.0,4.0
Tier 3 (Weather Fusion),56,98.0,0.6900000000000001,98.0,89.0,97.5,98.0,229.04,4.5,3.0
Tier 3 (Weather Fusion),57,90.0,0.995,86.5,60.5,81.5,86.5,0.82,0.0,5.0
Tier 3 (Weather Fusion),57,95.0,0.991,90.5,67.5,87.0,90.0,2.3,0.0,4.0
Tier 3 (Weather Fusion),57,98.0,0.8200000000000001,99.0,89.0,98.0,98.5,146.42,2.4,3.0
Tier 3 (Weather Fusion),58,90.0,0.996,84.0,57.5,77.5,82.5,0.99,0.0,5.0
Tier 3 (Weather Fusion),58,95.0,0.985,93.0,72.0,89.5,92.5,5.51,0.0,4.0
Tier 3 (Weather Fusion),58,98.0,0.8200000000000001,98.0,86.5,96.0,97.5,200.35,3.3,3.0
Tier 3 (Weather Fusion),59,90.0,0.996,85.0,59.5,78.0,84.0,0.9,0.0,5.0
Tier 3 (Weather Fusion),59,95.0,0.985,93.5,73.0,90.5,93.0,5.34,0.0,4.0
Tier 3 (Weather Fusion),59,98.0,0.79,98.5,88.5,97.0,98.0,189.91,4.2,3.0
Tier 3 (Weather Fusion),60,90.0,0.994,87.5,62.5,81.5,87.0,2.38,0.0,4.0
Tier 3 (Weather Fusion),60,95.0,0.99,92.5,67.5,87.5,91.5,3.62,0.0,4.0
Tier 3 (Weather Fusion),60,98.0,0.78,98.5,88.0,96.5,98.0,188.18,3.0,3.0
Tier 3 (Weather Fusion),61,90.0,0.996,86.5,59.5,80.5,85.5,0.9,0.0,5.0
Tier 3 (Weather Fusion),61,95.0,0.99,92.5,70.0,89.0,92.0,3.86,0.0,4.0
Tier 3 (Weather Fusion),61,98.0,0.75,98.5,88.5,98.0,98.5,194.59,3.3,3.0
Tier 3 MLP,42,90.0,0.998,91.5,76.0,86.5,90.0,43.98,3.7,4.0
Tier 3 MLP,42,95.0,0.998,91.5,76.0,86.5,90.0,43.98,3.7,4.0
Tier 3 MLP,42,98.0,0.992,89.5,78.5,86.5,88.5,44.56,3.7,4.0
Tier 3 MLP,43,90.0,0.991,89.0,80.5,88.0,88.5,48.01,3.5,3.0
Tier 3 MLP,43,95.0,0.991,89.0,80.5,88.0,88.5,48.01,3.5,3.0
Tier 3 MLP,43,98.0,0.98,88.5,81.0,87.0,87.5,61.66,3.6,3.0
Tier 3 MLP,44,90.0,0.999,96.0,82.5,95.0,96.0,66.67,1.7,4.0
Tier 3 MLP,44,95.0,0.999,96.0,82.5,95.0,96.0,66.67,1.7,4.0
Tier 3 MLP,44,98.0,0.97,95.5,86.0,95.5,95.5,122.99,2.3,3.0
Tier 3 MLP,45,90.0,0.985,87.0,80.0,86.0,86.5,37.16,4.0,3.0
Tier 3 MLP,45,95.0,0.985,87.0,80.0,86.0,86.5,37.16,4.0,3.0
Tier 3 MLP,45,98.0,0.92,88.5,81.5,87.0,88.5,79.83,4.5,3.0
Tier 3 MLP,46,90.0,0.999,92.5,79.0,91.0,92.5,97.01,8.3,4.0
Tier 3 MLP,46,95.0,0.999,92.5,79.0,91.0,92.5,97.01,8.3,4.0
Tier 3 MLP,46,98.0,0.95,96.0,83.5,91.5,94.5,103.75,4.0,3.0
Tier 3 MLP,47,90.0,0.999,94.5,76.5,92.5,94.5,62.4,2.9,4.0
Tier 3 MLP,47,95.0,0.999,94.5,76.5,92.5,94.5,62.4,2.9,4.0
Tier 3 MLP,47,98.0,0.97,98.5,86.5,98.0,98.5,129.56,2.2,4.0
Tier 3 MLP,48,90.0,0.993,88.5,82.0,87.5,88.0,46.86,3.1,3.0
Tier 3 MLP,48,95.0,0.993,88.5,82.0,87.5,88.0,46.86,3.1,3.0
Tier 3 MLP,48,98.0,0.993,88.5,82.0,87.5,88.0,46.86,3.1,3.0
Tier 3 MLP,49,90.0,0.996,88.0,78.0,86.5,87.0,47.85,3.6,4.0
Tier 3 MLP,49,95.0,0.996,88.0,78.0,86.5,87.0,47.85,3.6,4.0
Tier 3 MLP,49,98.0,0.79,89.0,83.0,87.5,88.5,152.34,3.3,3.0
Tier 3 MLP,50,90.0,0.99,90.0,79.0,88.0,88.5,36.58,3.2,4.0
Tier 3 MLP,50,95.0,0.99,90.0,79.0,88.0,88.5,36.58,3.2,4.0
Tier 3 MLP,50,98.0,0.8400000000000001,91.0,84.5,89.0,90.0,104.57,3.3,3.0
Tier 3 MLP,51,90.0,0.996,87.5,79.0,86.0,87.0,36.42,3.9,4.0
Tier 3 MLP,51,95.0,0.996,87.5,79.0,86.0,87.0,36.42,3.9,4.0
Tier 3 MLP,51,98.0,0.996,87.5,79.0,86.0,87.0,36.42,3.9,4.0
Tier 3 MLP,52,90.0,0.999,86.5,77.5,84.0,85.5,66.67,3.4,3.0
Tier 3 MLP,52,95.0,0.998,86.5,77.5,84.0,85.5,72.67,3.4,3.0
Tier 3 MLP,52,98.0,0.993,87.5,78.5,85.5,87.0,96.52,3.3,3.0
Tier 3 MLP,53,90.0,0.993,89.0,80.0,86.0,87.5,45.87,3.6,4.0
Tier 3 MLP,53,95.0,0.993,89.0,80.0,86.0,87.5,45.87,3.6,4.0
Tier 3 MLP,53,98.0,0.993,89.0,80.0,86.0,87.5,45.87,3.6,4.0
Tier 3 MLP,54,90.0,0.995,89.0,80.5,87.0,87.5,33.79,4.0,3.0
Tier 3 MLP,54,95.0,0.995,89.0,80.5,87.0,87.5,33.79,4.0,3.0
Tier 3 MLP,54,98.0,0.93,88.5,84.0,88.0,88.0,48.92,4.1,3.0
Tier 3 MLP,55,90.0,0.98,90.0,81.0,87.5,88.5,48.42,3.9,3.0
Tier 3 MLP,55,95.0,0.98,90.0,81.0,87.5,88.5,48.42,3.9,3.0
Tier 3 MLP,55,98.0,0.98,90.0,81.0,87.5,88.5,48.42,3.9,3.0
Tier 3 MLP,56,90.0,0.999,93.5,79.0,88.0,91.0,79.91,3.9,4.0
Tier 3 MLP,56,95.0,0.999,93.5,79.0,88.0,91.0,79.91,3.9,4.0
Tier 3 MLP,56,98.0,0.96,90.0,81.0,88.0,88.5,46.37,3.8,3.0
Tier 3 MLP,57,90.0,0.995,87.0,77.5,86.5,86.5,51.3,3.8,4.0
Tier 3 MLP,57,95.0,0.995,87.0,77.5,86.5,86.5,51.3,3.8,4.0
Tier 3 MLP,57,98.0,0.99,87.5,79.5,87.0,87.0,62.15,3.6,4.0
Tier 3 MLP,58,90.0,0.999,93.5,75.5,86.5,90.5,68.32,3.3,4.0
Tier 3 MLP,58,95.0,0.999,93.5,75.5,86.5,90.5,68.32,3.3,4.0
Tier 3 MLP,58,98.0,0.985,90.5,79.0,86.0,87.5,38.89,3.8,3.0
Tier 3 MLP,59,90.0,0.999,93.0,74.5,88.5,91.5,126.28,3.8,4.0
Tier 3 MLP,59,95.0,0.999,93.0,74.5,88.5,91.5,126.28,3.8,4.0
Tier 3 MLP,59,98.0,0.95,89.0,79.5,87.5,88.0,54.09,3.7,3.0
Tier 3 MLP,60,90.0,0.999,87.5,80.5,87.0,87.0,38.56,3.0,3.0
Tier 3 MLP,60,95.0,0.999,87.5,80.5,87.0,87.0,38.56,3.0,3.0
Tier 3 MLP,60,98.0,0.79,88.5,83.0,87.0,88.0,190.24,4.1,3.0
Tier 3 MLP,61,90.0,0.96,90.0,81.0,88.5,89.0,78.02,3.3,3.0
Tier 3 MLP,61,95.0,0.96,90.0,81.0,88.5,89.0,78.02,3.3,3.0
Tier 3 MLP,61,98.0,0.96,90.0,81.0,88.5,89.0,78.02,3.3,3.0
