tier_name,target_detection_pct,frozen_tau_mean,det_total_mean,det_total_std,det_6h_mean,det_12h_mean,det_24h_mean,fa_per_year_mean,fa_per_year_std,rain_coincident_mean,median_delay_mean
Tier 1 (Gross),90.0,0.76,89.1,0.65,29.3,59.7,78.2,90.19,10.32,20.6,8.8
Tier 1 (Gross),95.0,0.65,91.7,0.67,43.3,76.2,87.0,162.99,21.06,17.5,6.6
Tier 1 (Gross),98.0,0.48,95.5,1.12,59.6,89.3,94.5,310.23,52.4,13.7,5.4
Tier 1b (Gross+Weather),90.0,0.92,78.7,2.75,12.7,46.9,69.1,17.25,2.49,0.0,11.2
Tier 1b (Gross+Weather),95.0,0.89,84.4,0.82,21.0,55.0,75.1,26.92,2.68,0.0,9.8
Tier 1b (Gross+Weather),98.0,0.77,92.5,1.17,36.4,69.5,87.4,67.08,6.01,0.4,7.8
Tier 2 (Spectral),90.0,0.99,92.8,0.45,73.2,90.2,92.8,9.62,5.7,10.1,4.0
Tier 2 (Spectral),95.0,0.99,93.2,1.1,74.7,90.7,93.1,15.16,12.04,11.0,4.0
Tier 2 (Spectral),98.0,0.83,95.9,1.6,86.4,93.6,95.3,178.09,50.61,4.8,3.0
Tier 3 (Weather Fusion),90.0,0.99,91.9,0.55,67.4,88.1,91.3,3.73,0.32,0.0,4.0
Tier 3 (Weather Fusion),95.0,0.99,91.9,0.55,67.4,88.1,91.3,3.73,0.32,0.0,4.0
Tier 3 (Weather Fusion),98.0,0.75,98.1,0.42,89.4,97.3,97.6,186.37,20.89,3.4,3.0
Tier 3 MLP,90.0,0.98,91.7,3.82,81.8,89.5,91.0,85.11,26.31,3.7,3.2
Tier 3 MLP,95.0,0.98,91.7,3.82,81.8,89.5,91.0,85.11,26.31,3.7,3.2
Tier 3 MLP,98.0,0.95,92.1,3.83,82.6,89.3,90.9,106.07,33.2,3.5,3.0
