tier_name,tau_threshold,detection_rate_pct,detection_6h_pct,detection_24h_pct,false_alarms_per_year
Tier 1 (Gross),0.01,42.0,21.0,37.0,360.17
Tier 1 (Gross),0.0183,67.0,31.5,59.0,517.52
Tier 1 (Gross),0.0266,84.0,48.0,79.5,852.94
Tier 1 (Gross),0.0349,88.5,63.0,86.0,1004.78
Tier 1 (Gross),0.0432,92.5,68.0,91.0,1046.96
Tier 1 (Gross),0.0516,95.0,70.5,94.0,1045.97
Tier 1 (Gross),0.0599,96.0,74.0,95.5,1026.08
Tier 1 (Gross),0.0682,96.0,75.5,95.0,1002.65
Tier 1 (Gross),0.0765,96.0,74.0,95.0,972.31
Tier 1 (Gross),0.0848,96.5,76.5,95.5,945.1
Tier 1 (Gross),0.0931,96.5,75.0,95.5,918.63
Tier 1 (Gross),0.1014,97.0,76.0,96.5,891.41
Tier 1 (Gross),0.1097,97.5,77.0,96.5,868.72
Tier 1 (Gross),0.118,98.0,78.0,97.0,845.13
Tier 1 (Gross),0.1264,98.0,78.0,97.5,822.11
Tier 1 (Gross),0.1347,98.0,77.5,97.5,800.49
Tier 1 (Gross),0.143,98.0,77.5,97.5,775.99
Tier 1 (Gross),0.1513,98.0,78.0,97.5,760.29
Tier 1 (Gross),0.1596,99.0,76.5,98.5,743.02
Tier 1 (Gross),0.1679,99.0,77.5,98.5,725.76
Tier 1 (Gross),0.1762,99.0,77.0,98.5,710.39
Tier 1 (Gross),0.1845,99.0,76.5,98.5,694.85
Tier 1 (Gross),0.1928,99.5,76.0,99.0,680.63
Tier 1 (Gross),0.2012,99.5,75.0,99.0,664.68
Tier 1 (Gross),0.2095,99.5,75.0,99.0,651.85
Tier 1 (Gross),0.2178,99.5,73.5,99.0,638.7
Tier 1 (Gross),0.2261,99.5,73.0,99.0,625.13
Tier 1 (Gross),0.2344,99.0,74.5,98.5,610.09
Tier 1 (Gross),0.2427,99.0,74.0,98.5,599.15
Tier 1 (Gross),0.251,98.5,73.5,98.0,586.49
Tier 1 (Gross),0.2593,98.5,73.5,98.0,572.68
Tier 1 (Gross),0.2676,98.5,73.5,98.0,559.45
Tier 1 (Gross),0.2759,98.0,73.0,98.0,547.2
Tier 1 (Gross),0.2843,98.0,72.0,98.0,536.02
Tier 1 (Gross),0.2926,97.0,70.5,97.0,521.71
Tier 1 (Gross),0.3009,97.0,70.0,97.0,510.37
Tier 1 (Gross),0.3092,97.0,70.5,97.0,500.42
Tier 1 (Gross),0.3175,97.0,69.5,97.0,489.57
Tier 1 (Gross),0.3258,97.0,70.0,97.0,479.45
Tier 1 (Gross),0.3341,96.5,70.0,96.5,469.26
Tier 1 (Gross),0.3424,96.5,69.0,96.0,457.67
Tier 1 (Gross),0.3507,96.5,69.0,96.0,446.73
Tier 1 (Gross),0.3591,97.5,69.5,97.0,435.88
Tier 1 (Gross),0.3674,97.5,68.5,97.0,425.44
Tier 1 (Gross),0.3757,98.0,68.5,97.5,416.15
Tier 1 (Gross),0.384,97.5,68.0,97.0,408.42
Tier 1 (Gross),0.3923,97.0,65.5,96.5,398.56
Tier 1 (Gross),0.4006,97.0,65.5,96.0,390.09
Tier 1 (Gross),0.4089,97.0,66.0,95.5,380.72
Tier 1 (Gross),0.4172,97.0,65.0,95.5,371.18
Tier 1 (Gross),0.4255,97.0,64.5,95.5,361.98
Tier 1 (Gross),0.4339,96.5,63.0,95.0,353.18
Tier 1 (Gross),0.4422,96.5,62.0,95.0,346.27
Tier 1 (Gross),0.4505,96.5,62.0,95.0,336.82
Tier 1 (Gross),0.4588,96.0,61.0,94.5,328.43
Tier 1 (Gross),0.4671,96.0,60.0,94.5,320.71
Tier 1 (Gross),0.4754,95.5,59.5,94.5,313.06
Tier 1 (Gross),0.4837,95.5,59.5,94.5,305.58
Tier 1 (Gross),0.492,95.5,58.5,94.5,298.1
Tier 1 (Gross),0.5003,95.0,58.5,94.0,291.36
Tier 1 (Gross),0.5087,94.5,58.0,93.5,283.96
Tier 1 (Gross),0.517,94.0,57.0,93.0,276.15
Tier 1 (Gross),0.5253,94.5,57.0,93.5,267.68
Tier 1 (Gross),0.5336,94.5,57.0,93.0,261.02
Tier 1 (Gross),0.5419,94.5,55.5,93.0,252.96
Tier 1 (Gross),0.5502,94.5,55.0,92.5,246.14
Tier 1 (Gross),0.5585,94.0,53.0,92.0,237.84
Tier 1 (Gross),0.5668,94.0,53.5,90.5,230.52
Tier 1 (Gross),0.5751,94.0,53.0,90.5,224.11
Tier 1 (Gross),0.5835,93.0,52.0,89.0,217.37
Tier 1 (Gross),0.5918,93.0,50.5,88.5,210.3
Tier 1 (Gross),0.6001,92.5,49.0,88.0,203.72
Tier 1 (Gross),0.6084,92.0,48.0,87.5,196.48
Tier 1 (Gross),0.6167,92.0,48.0,87.0,189.33
Tier 1 (Gross),0.625,92.0,46.0,87.0,182.1
Tier 1 (Gross),0.6333,92.0,46.0,87.0,175.52
Tier 1 (Gross),0.6416,92.5,45.0,87.5,168.7
Tier 1 (Gross),0.6499,92.0,43.0,87.0,162.86
Tier 1 (Gross),0.6583,92.0,41.5,86.5,157.6
Tier 1 (Gross),0.6666,92.0,41.5,86.0,150.61
Tier 1 (Gross),0.6749,92.0,41.0,86.0,145.35
Tier 1 (Gross),0.6832,91.5,38.5,86.0,139.27
Tier 1 (Gross),0.6915,91.5,38.0,86.0,133.35
Tier 1 (Gross),0.6998,92.0,37.5,85.5,127.18
Tier 1 (Gross),0.7081,91.5,36.5,85.0,120.44
Tier 1 (Gross),0.7164,90.5,36.0,84.0,115.1
Tier 1 (Gross),0.7247,90.0,33.5,82.5,109.92
Tier 1 (Gross),0.7331,89.0,32.0,81.0,103.59
Tier 1 (Gross),0.7414,89.0,31.5,80.5,99.15
Tier 1 (Gross),0.7497,89.0,30.5,78.5,94.3
Tier 1 (Gross),0.758,88.5,29.0,77.5,89.69
Tier 1 (Gross),0.7663,88.0,27.5,76.0,84.35
Tier 1 (Gross),0.7746,87.5,26.5,75.0,78.76
Tier 1 (Gross),0.7829,87.5,25.5,73.5,73.41
Tier 1 (Gross),0.7912,87.5,24.5,73.0,68.73
Tier 1 (Gross),0.7995,87.0,23.0,72.0,63.88
Tier 1 (Gross),0.8078,86.0,21.5,70.0,58.21
Tier 1 (Gross),0.8162,85.5,18.5,69.0,52.62
Tier 1 (Gross),0.8245,86.0,17.0,68.5,46.94
Tier 1 (Gross),0.8328,84.0,15.5,65.0,42.17
Tier 1 (Gross),0.8411,83.0,15.0,63.5,37.24
Tier 1 (Gross),0.8494,80.5,14.0,62.0,32.06
Tier 1 (Gross),0.8577,79.0,12.0,59.5,27.54
Tier 1 (Gross),0.866,78.0,11.0,57.5,24.99
Tier 1 (Gross),0.8743,75.5,10.0,54.0,21.46
Tier 1 (Gross),0.8826,72.5,9.5,50.5,18.99
Tier 1 (Gross),0.891,71.0,7.5,47.0,16.36
Tier 1 (Gross),0.8993,71.0,6.5,45.0,13.73
Tier 1 (Gross),0.9076,67.5,5.0,41.5,10.93
Tier 1 (Gross),0.9159,66.0,3.5,35.5,9.37
Tier 1 (Gross),0.9242,63.0,3.0,31.5,7.4
Tier 1 (Gross),0.9325,62.0,3.0,28.0,5.43
Tier 1 (Gross),0.9408,60.5,2.0,23.5,3.62
Tier 1 (Gross),0.9491,57.5,1.0,16.5,2.06
Tier 1 (Gross),0.9574,49.5,0.5,11.5,1.15
Tier 1 (Gross),0.9658,43.5,0.0,8.0,0.74
Tier 1 (Gross),0.9741,36.0,0.0,4.5,0.49
Tier 1 (Gross),0.9824,28.0,0.0,0.0,0.08
Tier 1 (Gross),0.9907,18.5,0.0,0.0,0.0
Tier 1 (Gross),0.999,0.0,0.0,0.0,0.0
Tier 1b (Gross+Weather),0.01,73.5,34.0,60.5,645.77
Tier 1b (Gross+Weather),0.0183,86.5,48.5,80.5,794.24
Tier 1b (Gross+Weather),0.0266,91.5,54.5,87.5,839.62
Tier 1b (Gross+Weather),0.0349,92.5,58.5,90.0,838.88
Tier 1b (Gross+Weather),0.0432,94.5,61.0,93.0,808.3
Tier 1b (Gross+Weather),0.0516,96.0,65.0,94.5,773.19
Tier 1b (Gross+Weather),0.0599,97.5,65.5,95.5,738.09
Tier 1b (Gross+Weather),0.0682,97.5,67.0,96.5,705.7
Tier 1b (Gross+Weather),0.0765,97.0,68.0,97.0,676.6
Tier 1b (Gross+Weather),0.0848,97.0,70.0,97.0,645.93
Tier 1b (Gross+Weather),0.0931,97.0,69.0,96.5,622.34
Tier 1b (Gross+Weather),0.1014,97.0,72.0,97.0,598.17
Tier 1b (Gross+Weather),0.1097,98.0,73.0,98.0,581.64
Tier 1b (Gross+Weather),0.118,99.0,74.5,99.0,560.51
Tier 1b (Gross+Weather),0.1264,99.5,76.0,99.5,540.95
Tier 1b (Gross+Weather),0.1347,99.5,75.0,99.5,522.7
Tier 1b (Gross+Weather),0.143,99.5,74.5,99.0,505.27
Tier 1b (Gross+Weather),0.1513,99.5,74.5,99.0,489.32
Tier 1b (Gross+Weather),0.1596,99.5,74.5,99.0,475.59
Tier 1b (Gross+Weather),0.1679,99.5,73.5,99.0,460.46
Tier 1b (Gross+Weather),0.1762,100.0,73.5,99.5,446.41
Tier 1b (Gross+Weather),0.1845,100.0,72.5,99.5,432.76
Tier 1b (Gross+Weather),0.1928,100.0,72.5,99.5,421.5
Tier 1b (Gross+Weather),0.2012,100.0,73.0,99.5,410.81
Tier 1b (Gross+Weather),0.2095,99.5,72.5,99.0,401.44
Tier 1b (Gross+Weather),0.2178,99.5,71.5,99.0,390.5
Tier 1b (Gross+Weather),0.2261,99.5,71.5,99.0,381.05
Tier 1b (Gross+Weather),0.2344,99.5,70.5,99.0,372.09
Tier 1b (Gross+Weather),0.2427,99.5,70.0,99.0,364.19
Tier 1b (Gross+Weather),0.251,99.5,70.0,99.0,354.58
Tier 1b (Gross+Weather),0.2593,99.5,68.5,99.0,346.11
Tier 1b (Gross+Weather),0.2676,99.5,68.0,99.0,336.98
Tier 1b (Gross+Weather),0.2759,99.5,67.5,99.0,327.28
Tier 1b (Gross+Weather),0.2843,99.5,67.0,99.0,320.13
Tier 1b (Gross+Weather),0.2926,99.0,68.0,99.0,311.91
Tier 1b (Gross+Weather),0.3009,99.0,68.5,98.5,303.85
Tier 1b (Gross+Weather),0.3092,99.0,69.0,98.0,297.03
Tier 1b (Gross+Weather),0.3175,98.5,68.5,97.5,289.05
Tier 1b (Gross+Weather),0.3258,98.5,69.0,97.5,281.66
Tier 1b (Gross+Weather),0.3341,98.5,65.5,97.5,274.67
Tier 1b (Gross+Weather),0.3424,98.5,66.0,97.5,268.01
Tier 1b (Gross+Weather),0.3507,97.5,64.5,96.5,263.24
Tier 1b (Gross+Weather),0.3591,97.0,63.0,96.0,256.99
Tier 1b (Gross+Weather),0.3674,97.0,64.0,96.0,251.57
Tier 1b (Gross+Weather),0.3757,97.0,64.5,96.0,246.47
Tier 1b (Gross+Weather),0.384,97.5,63.5,96.0,241.62
Tier 1b (Gross+Weather),0.3923,97.5,62.5,96.0,237.18
Tier 1b (Gross+Weather),0.4006,97.0,63.0,95.5,230.68
Tier 1b (Gross+Weather),0.4089,97.0,62.5,95.5,223.94
Tier 1b (Gross+Weather),0.4172,97.0,63.0,95.5,217.61
Tier 1b (Gross+Weather),0.4255,97.0,62.5,95.5,211.36
Tier 1b (Gross+Weather),0.4339,97.0,63.0,95.5,206.1
Tier 1b (Gross+Weather),0.4422,96.5,62.0,95.0,201.01
Tier 1b (Gross+Weather),0.4505,96.5,62.0,95.0,196.07
Tier 1b (Gross+Weather),0.4588,96.5,62.0,95.0,191.14
Tier 1b (Gross+Weather),0.4671,96.5,61.5,95.0,186.45
Tier 1b (Gross+Weather),0.4754,96.0,61.5,94.5,181.77
Tier 1b (Gross+Weather),0.4837,96.0,60.5,94.5,176.34
Tier 1b (Gross+Weather),0.492,95.5,59.5,94.0,172.89
Tier 1b (Gross+Weather),0.5003,95.0,59.5,93.5,167.79
Tier 1b (Gross+Weather),0.5087,95.5,59.0,94.0,164.34
Tier 1b (Gross+Weather),0.517,95.0,58.0,93.5,159.98
Tier 1b (Gross+Weather),0.5253,95.0,57.0,93.0,156.78
Tier 1b (Gross+Weather),0.5336,95.0,55.5,93.0,153.08
Tier 1b (Gross+Weather),0.5419,95.5,55.5,93.0,148.8
Tier 1b (Gross+Weather),0.5502,95.5,54.5,93.0,144.61
Tier 1b (Gross+Weather),0.5585,95.5,53.0,93.0,140.5
Tier 1b (Gross+Weather),0.5668,95.5,52.5,93.0,137.46
Tier 1b (Gross+Weather),0.5751,95.5,51.5,93.0,134.58
Tier 1b (Gross+Weather),0.5835,96.0,51.5,93.0,131.13
Tier 1b (Gross+Weather),0.5918,96.0,52.0,93.0,127.92
Tier 1b (Gross+Weather),0.6001,96.5,51.0,93.5,125.13
Tier 1b (Gross+Weather),0.6084,96.5,49.5,93.5,122.33
Tier 1b (Gross+Weather),0.6167,96.5,48.5,93.0,118.3
Tier 1b (Gross+Weather),0.625,96.5,48.0,93.0,115.34
Tier 1b (Gross+Weather),0.6333,96.5,47.5,93.0,111.4
Tier 1b (Gross+Weather),0.6416,96.5,46.5,93.0,109.18
Tier 1b (Gross+Weather),0.6499,96.5,46.0,93.0,105.64
Tier 1b (Gross+Weather),0.6583,96.0,44.5,92.0,103.5
Tier 1b (Gross+Weather),0.6666,96.0,44.5,92.0,101.2
Tier 1b (Gross+Weather),0.6749,96.0,44.5,91.5,97.34
Tier 1b (Gross+Weather),0.6832,95.5,43.5,90.5,95.04
Tier 1b (Gross+Weather),0.6915,95.5,42.0,90.5,91.17
Tier 1b (Gross+Weather),0.6998,94.5,42.0,90.0,88.87
Tier 1b (Gross+Weather),0.7081,94.0,41.5,89.5,86.73
Tier 1b (Gross+Weather),0.7164,94.0,40.0,89.5,83.44
Tier 1b (Gross+Weather),0.7247,93.5,40.0,88.5,80.81
Tier 1b (Gross+Weather),0.7331,93.0,40.0,87.5,78.51
Tier 1b (Gross+Weather),0.7414,93.0,39.5,87.5,75.72
Tier 1b (Gross+Weather),0.7497,93.0,38.5,87.5,72.92
Tier 1b (Gross+Weather),0.758,93.0,38.0,87.5,69.8
Tier 1b (Gross+Weather),0.7663,93.0,35.5,87.0,66.67
Tier 1b (Gross+Weather),0.7746,92.5,35.0,87.0,62.64
Tier 1b (Gross+Weather),0.7829,92.5,33.5,87.0,60.1
Tier 1b (Gross+Weather),0.7912,92.0,33.5,86.5,56.81
Tier 1b (Gross+Weather),0.7995,91.5,33.0,86.0,54.01
Tier 1b (Gross+Weather),0.8078,90.5,33.0,85.0,51.96
Tier 1b (Gross+Weather),0.8162,90.5,32.0,85.0,49.0
Tier 1b (Gross+Weather),0.8245,90.5,30.5,85.0,46.04
Tier 1b (Gross+Weather),0.8328,89.0,28.5,84.0,42.26
Tier 1b (Gross+Weather),0.8411,88.0,27.5,81.5,39.71
Tier 1b (Gross+Weather),0.8494,88.0,27.5,81.0,37.16
Tier 1b (Gross+Weather),0.8577,88.0,26.0,80.0,34.45
Tier 1b (Gross+Weather),0.866,86.5,24.5,78.0,31.9
Tier 1b (Gross+Weather),0.8743,85.0,24.0,76.5,29.51
Tier 1b (Gross+Weather),0.8826,85.0,20.5,76.0,26.8
Tier 1b (Gross+Weather),0.891,83.5,18.0,74.0,24.58
Tier 1b (Gross+Weather),0.8993,83.0,17.5,73.0,21.95
Tier 1b (Gross+Weather),0.9076,82.0,15.5,72.0,19.98
Tier 1b (Gross+Weather),0.9159,80.0,12.5,70.0,18.25
Tier 1b (Gross+Weather),0.9242,78.0,11.5,69.0,16.11
Tier 1b (Gross+Weather),0.9325,75.0,10.0,65.0,14.06
Tier 1b (Gross+Weather),0.9408,71.5,8.5,63.0,11.43
Tier 1b (Gross+Weather),0.9491,67.0,7.5,56.5,9.04
Tier 1b (Gross+Weather),0.9574,63.5,6.5,53.0,6.41
Tier 1b (Gross+Weather),0.9658,61.0,4.5,48.5,4.93
Tier 1b (Gross+Weather),0.9741,56.0,3.0,42.5,3.45
Tier 1b (Gross+Weather),0.9824,46.5,1.5,33.0,2.63
Tier 1b (Gross+Weather),0.9907,33.5,0.5,21.0,1.32
Tier 1b (Gross+Weather),0.999,0.0,0.0,0.0,0.0
Tier 2 (Spectral),0.01,38.5,27.5,35.5,490.55
Tier 2 (Spectral),0.0183,54.0,40.5,50.5,509.46
Tier 2 (Spectral),0.0266,60.0,44.5,56.0,493.6
Tier 2 (Spectral),0.0349,66.5,49.0,62.5,490.31
Tier 2 (Spectral),0.0432,69.0,50.0,66.5,494.5
Tier 2 (Spectral),0.0516,69.0,53.5,67.0,509.63
Tier 2 (Spectral),0.0599,73.5,57.5,70.5,535.61
Tier 2 (Spectral),0.0682,74.0,61.0,71.5,559.69
Tier 2 (Spectral),0.0765,75.0,62.5,72.0,577.94
Tier 2 (Spectral),0.0848,77.0,63.0,75.0,596.28
Tier 2 (Spectral),0.0931,79.5,64.5,77.0,612.31
Tier 2 (Spectral),0.1014,80.0,65.0,77.0,626.37
Tier 2 (Spectral),0.1097,80.0,65.5,77.5,636.97
Tier 2 (Spectral),0.118,80.5,67.5,78.5,641.16
Tier 2 (Spectral),0.1264,81.0,68.0,79.5,645.85
Tier 2 (Spectral),0.1347,81.0,69.5,79.5,651.6
Tier 2 (Spectral),0.143,81.5,69.5,80.0,645.19
Tier 2 (Spectral),0.1513,81.5,70.0,80.0,640.34
Tier 2 (Spectral),0.1596,82.5,71.0,81.0,634.18
Tier 2 (Spectral),0.1679,82.5,72.0,81.5,624.72
Tier 2 (Spectral),0.1762,82.5,72.5,81.5,614.36
Tier 2 (Spectral),0.1845,84.0,73.0,82.5,606.96
Tier 2 (Spectral),0.1928,84.5,75.5,83.0,595.78
Tier 2 (Spectral),0.2012,84.5,75.5,83.0,584.19
Tier 2 (Spectral),0.2095,84.5,76.0,83.0,569.31
Tier 2 (Spectral),0.2178,84.5,76.0,83.0,556.4
Tier 2 (Spectral),0.2261,84.5,76.5,83.5,540.37
Tier 2 (Spectral),0.2344,85.5,78.0,84.5,524.34
Tier 2 (Spectral),0.2427,85.0,77.5,84.5,512.34
Tier 2 (Spectral),0.251,85.0,77.5,85.0,498.94
Tier 2 (Spectral),0.2593,85.0,78.0,85.0,482.41
Tier 2 (Spectral),0.2676,85.0,78.5,85.0,464.57
Tier 2 (Spectral),0.2759,85.0,78.5,85.0,452.08
Tier 2 (Spectral),0.2843,85.5,79.0,85.5,438.02
Tier 2 (Spectral),0.2926,85.5,79.0,85.5,422.81
Tier 2 (Spectral),0.3009,85.5,79.5,85.5,408.18
Tier 2 (Spectral),0.3092,85.5,79.5,85.5,394.2
Tier 2 (Spectral),0.3175,85.5,79.5,85.0,379.57
Tier 2 (Spectral),0.3258,85.5,80.0,85.0,365.76
Tier 2 (Spectral),0.3341,85.5,79.5,85.0,352.44
Tier 2 (Spectral),0.3424,85.5,79.5,85.0,341.18
Tier 2 (Spectral),0.3507,85.0,80.0,85.0,330.32
Tier 2 (Spectral),0.3591,85.0,80.0,85.0,319.97
Tier 2 (Spectral),0.3674,85.0,80.0,85.0,312.32
Tier 2 (Spectral),0.3757,85.0,79.5,85.0,302.62
Tier 2 (Spectral),0.384,85.0,79.5,85.0,292.67
Tier 2 (Spectral),0.3923,85.0,79.5,85.0,284.04
Tier 2 (Spectral),0.4006,85.0,79.5,85.0,275.24
Tier 2 (Spectral),0.4089,85.0,79.5,85.0,268.91
Tier 2 (Spectral),0.4172,85.5,79.5,85.5,262.58
Tier 2 (Spectral),0.4255,85.5,79.0,85.5,255.43
Tier 2 (Spectral),0.4339,85.5,79.5,85.5,248.85
Tier 2 (Spectral),0.4422,85.5,79.5,85.5,242.6
Tier 2 (Spectral),0.4505,85.5,79.5,85.5,236.03
Tier 2 (Spectral),0.4588,86.0,80.0,86.0,232.16
Tier 2 (Spectral),0.4671,86.0,81.0,86.0,227.72
Tier 2 (Spectral),0.4754,86.0,81.0,86.0,221.64
Tier 2 (Spectral),0.4837,86.0,81.0,86.0,215.48
Tier 2 (Spectral),0.492,86.0,81.0,86.0,210.62
Tier 2 (Spectral),0.5003,86.5,81.0,86.5,206.43
Tier 2 (Spectral),0.5087,86.5,81.5,86.5,202.07
Tier 2 (Spectral),0.517,86.5,81.5,86.5,197.72
Tier 2 (Spectral),0.5253,86.5,81.5,86.5,193.36
Tier 2 (Spectral),0.5336,86.5,81.5,86.5,189.58
Tier 2 (Spectral),0.5419,86.5,81.5,86.5,186.62
Tier 2 (Spectral),0.5502,86.5,81.5,86.5,183.99
Tier 2 (Spectral),0.5585,86.5,82.0,86.5,180.04
Tier 2 (Spectral),0.5668,86.5,82.0,86.5,177.25
Tier 2 (Spectral),0.5751,86.5,82.5,86.5,173.22
Tier 2 (Spectral),0.5835,86.5,82.5,86.5,170.92
Tier 2 (Spectral),0.5918,86.5,82.5,86.5,167.55
Tier 2 (Spectral),0.6001,87.0,82.5,86.5,164.75
Tier 2 (Spectral),0.6084,87.0,82.5,86.5,162.53
Tier 2 (Spectral),0.6167,86.5,82.5,86.5,160.06
Tier 2 (Spectral),0.625,87.0,83.5,87.0,157.68
Tier 2 (Spectral),0.6333,87.0,83.5,87.0,154.72
Tier 2 (Spectral),0.6416,89.0,83.0,88.5,153.32
Tier 2 (Spectral),0.6499,89.5,83.0,89.0,152.09
Tier 2 (Spectral),0.6583,90.0,83.5,89.5,150.28
Tier 2 (Spectral),0.6666,90.0,84.5,89.5,147.24
Tier 2 (Spectral),0.6749,90.5,85.0,90.0,145.76
Tier 2 (Spectral),0.6832,90.0,85.0,90.0,144.86
Tier 2 (Spectral),0.6915,90.0,85.0,90.0,144.12
Tier 2 (Spectral),0.6998,90.5,85.5,90.5,142.88
Tier 2 (Spectral),0.7081,90.5,85.5,90.5,143.13
Tier 2 (Spectral),0.7164,91.5,86.5,91.0,144.12
Tier 2 (Spectral),0.7247,92.5,86.5,92.0,145.1
Tier 2 (Spectral),0.7331,93.5,86.0,92.0,147.08
Tier 2 (Spectral),0.7414,94.0,86.0,92.5,152.34
Tier 2 (Spectral),0.7497,95.5,86.5,94.0,156.86
Tier 2 (Spectral),0.758,96.5,86.5,95.5,161.79
Tier 2 (Spectral),0.7663,97.5,88.0,96.5,168.53
Tier 2 (Spectral),0.7746,97.5,88.0,96.5,174.95
Tier 2 (Spectral),0.7829,97.5,88.0,97.0,180.12
Tier 2 (Spectral),0.7912,97.0,87.5,96.5,185.14
Tier 2 (Spectral),0.7995,97.0,87.5,96.5,188.1
Tier 2 (Spectral),0.8078,96.5,86.5,96.0,192.05
Tier 2 (Spectral),0.8162,96.5,87.0,96.0,194.1
Tier 2 (Spectral),0.8245,96.5,87.5,96.0,195.91
Tier 2 (Spectral),0.8328,96.5,88.0,96.5,197.31
Tier 2 (Spectral),0.8411,96.5,87.0,96.5,199.44
Tier 2 (Spectral),0.8494,96.5,86.5,96.5,196.73
Tier 2 (Spectral),0.8577,96.5,87.0,96.5,195.74
Tier 2 (Spectral),0.866,96.5,86.5,96.5,189.66
Tier 2 (Spectral),0.8743,96.5,86.5,96.5,184.81
Tier 2 (Spectral),0.8826,96.5,87.5,96.5,176.18
Tier 2 (Spectral),0.891,96.0,87.5,96.0,167.14
Tier 2 (Spectral),0.8993,96.0,86.5,96.0,159.49
Tier 2 (Spectral),0.9076,95.5,86.0,95.5,151.35
Tier 2 (Spectral),0.9159,96.0,86.5,96.0,140.42
Tier 2 (Spectral),0.9242,96.0,86.5,96.0,131.87
Tier 2 (Spectral),0.9325,96.5,88.0,96.5,118.96
Tier 2 (Spectral),0.9408,96.5,87.0,96.5,105.48
Tier 2 (Spectral),0.9491,96.5,86.5,96.5,89.69
Tier 2 (Spectral),0.9574,96.5,84.5,96.5,75.06
Tier 2 (Spectral),0.9658,96.0,84.0,96.0,52.78
Tier 2 (Spectral),0.9741,95.5,80.0,95.0,27.54
Tier 2 (Spectral),0.9824,94.0,77.5,94.0,10.28
Tier 2 (Spectral),0.9907,92.0,71.5,92.0,3.37
Tier 2 (Spectral),0.999,69.0,42.0,68.5,0.0
Tier 3 (Weather Fusion),0.01,48.0,33.5,44.5,492.86
Tier 3 (Weather Fusion),0.0183,60.5,44.0,57.5,506.75
Tier 3 (Weather Fusion),0.0266,65.0,49.0,62.5,525.16
Tier 3 (Weather Fusion),0.0349,68.0,52.0,66.5,556.08
Tier 3 (Weather Fusion),0.0432,72.0,53.0,70.0,580.08
Tier 3 (Weather Fusion),0.0516,73.0,56.0,72.0,598.91
Tier 3 (Weather Fusion),0.0599,74.5,58.0,73.5,606.72
Tier 3 (Weather Fusion),0.0682,76.5,60.5,75.0,606.8
Tier 3 (Weather Fusion),0.0765,78.0,60.5,76.5,606.14
Tier 3 (Weather Fusion),0.0848,78.0,61.0,77.0,601.37
Tier 3 (Weather Fusion),0.0931,79.5,62.0,78.0,602.85
Tier 3 (Weather Fusion),0.1014,79.5,63.0,78.0,594.39
Tier 3 (Weather Fusion),0.1097,81.0,65.0,79.5,583.29
Tier 3 (Weather Fusion),0.118,81.5,66.0,80.0,573.67
Tier 3 (Weather Fusion),0.1264,82.5,67.5,81.0,563.39
Tier 3 (Weather Fusion),0.1347,83.5,69.0,82.0,552.62
Tier 3 (Weather Fusion),0.143,84.0,69.0,82.5,541.77
Tier 3 (Weather Fusion),0.1513,84.5,69.5,83.0,531.41
Tier 3 (Weather Fusion),0.1596,84.5,71.0,83.0,517.35
Tier 3 (Weather Fusion),0.1679,84.5,73.0,83.5,503.95
Tier 3 (Weather Fusion),0.1762,84.5,74.0,84.0,490.8
Tier 3 (Weather Fusion),0.1845,85.0,74.0,85.0,476.0
Tier 3 (Weather Fusion),0.1928,85.0,75.0,85.0,460.79
Tier 3 (Weather Fusion),0.2012,86.0,75.0,86.0,450.35
Tier 3 (Weather Fusion),0.2095,86.0,75.5,86.0,437.03
Tier 3 (Weather Fusion),0.2178,86.0,75.5,86.0,427.09
Tier 3 (Weather Fusion),0.2261,86.0,76.0,86.0,413.69
Tier 3 (Weather Fusion),0.2344,86.0,76.0,86.0,404.56
Tier 3 (Weather Fusion),0.2427,86.0,76.5,86.0,393.05
Tier 3 (Weather Fusion),0.251,86.0,77.0,86.0,383.19
Tier 3 (Weather Fusion),0.2593,86.0,77.5,86.0,373.9
Tier 3 (Weather Fusion),0.2676,86.0,77.0,86.0,367.73
Tier 3 (Weather Fusion),0.2759,86.0,77.0,86.0,358.69
Tier 3 (Weather Fusion),0.2843,87.0,78.5,87.0,348.25
Tier 3 (Weather Fusion),0.2926,87.5,78.5,87.5,340.52
Tier 3 (Weather Fusion),0.3009,87.5,79.0,87.5,331.47
Tier 3 (Weather Fusion),0.3092,87.5,79.5,87.5,321.12
Tier 3 (Weather Fusion),0.3175,87.5,79.5,87.5,314.13
Tier 3 (Weather Fusion),0.3258,87.5,79.5,87.5,304.1
Tier 3 (Weather Fusion),0.3341,87.5,79.5,87.5,296.12
Tier 3 (Weather Fusion),0.3424,87.5,80.0,87.5,288.73
Tier 3 (Weather Fusion),0.3507,88.0,80.5,88.0,281.66
Tier 3 (Weather Fusion),0.3591,88.0,80.5,88.0,275.24
Tier 3 (Weather Fusion),0.3674,88.0,81.0,88.0,267.27
Tier 3 (Weather Fusion),0.3757,88.0,81.0,88.0,261.35
Tier 3 (Weather Fusion),0.384,88.0,81.0,88.0,254.94
Tier 3 (Weather Fusion),0.3923,88.0,81.5,88.0,250.25
Tier 3 (Weather Fusion),0.4006,88.0,81.5,88.0,246.39
Tier 3 (Weather Fusion),0.4089,88.5,81.0,88.0,243.02
Tier 3 (Weather Fusion),0.4172,90.0,81.5,89.0,238.25
Tier 3 (Weather Fusion),0.4255,90.0,81.0,89.0,233.56
Tier 3 (Weather Fusion),0.4339,91.0,81.0,89.5,231.1
Tier 3 (Weather Fusion),0.4422,91.5,81.5,90.0,224.52
Tier 3 (Weather Fusion),0.4505,91.5,81.5,90.5,219.67
Tier 3 (Weather Fusion),0.4588,92.0,81.5,91.0,217.86
Tier 3 (Weather Fusion),0.4671,91.5,82.0,90.5,214.65
Tier 3 (Weather Fusion),0.4754,91.5,81.5,90.5,210.62
Tier 3 (Weather Fusion),0.4837,92.0,82.0,91.0,207.67
Tier 3 (Weather Fusion),0.492,93.0,82.0,91.5,204.29
Tier 3 (Weather Fusion),0.5003,93.0,82.0,91.5,203.23
Tier 3 (Weather Fusion),0.5087,93.5,82.0,92.0,202.32
Tier 3 (Weather Fusion),0.517,94.0,82.5,93.0,202.4
Tier 3 (Weather Fusion),0.5253,94.5,83.0,93.5,201.17
Tier 3 (Weather Fusion),0.5336,94.5,84.5,93.5,199.36
Tier 3 (Weather Fusion),0.5419,94.5,84.5,93.5,196.32
Tier 3 (Weather Fusion),0.5502,94.5,84.5,93.5,196.48
Tier 3 (Weather Fusion),0.5585,94.5,84.5,94.0,194.35
Tier 3 (Weather Fusion),0.5668,95.5,84.5,94.5,194.1
Tier 3 (Weather Fusion),0.5751,96.5,85.0,95.0,194.26
Tier 3 (Weather Fusion),0.5835,96.5,85.0,95.0,194.43
Tier 3 (Weather Fusion),0.5918,96.0,85.0,94.5,193.44
Tier 3 (Weather Fusion),0.6001,96.0,85.5,95.5,194.51
Tier 3 (Weather Fusion),0.6084,96.0,86.0,95.5,194.26
Tier 3 (Weather Fusion),0.6167,96.0,86.5,95.5,194.68
Tier 3 (Weather Fusion),0.625,96.5,86.0,95.5,194.1
Tier 3 (Weather Fusion),0.6333,96.5,86.5,96.0,194.84
Tier 3 (Weather Fusion),0.6416,96.5,87.5,96.0,192.87
Tier 3 (Weather Fusion),0.6499,96.5,88.0,96.0,192.7
Tier 3 (Weather Fusion),0.6583,96.5,88.0,96.0,193.69
Tier 3 (Weather Fusion),0.6666,96.5,87.5,96.0,193.03
Tier 3 (Weather Fusion),0.6749,96.5,87.5,96.0,192.29
Tier 3 (Weather Fusion),0.6832,97.0,88.5,96.0,192.7
Tier 3 (Weather Fusion),0.6915,97.0,89.0,96.5,193.36
Tier 3 (Weather Fusion),0.6998,97.0,88.5,96.5,192.54
Tier 3 (Weather Fusion),0.7081,98.0,89.0,97.5,193.69
Tier 3 (Weather Fusion),0.7164,98.5,89.0,98.0,194.26
Tier 3 (Weather Fusion),0.7247,98.5,88.0,98.0,192.62
Tier 3 (Weather Fusion),0.7331,98.5,87.5,97.5,191.14
Tier 3 (Weather Fusion),0.7414,98.5,87.0,97.5,189.41
Tier 3 (Weather Fusion),0.7497,98.5,87.0,98.0,187.85
Tier 3 (Weather Fusion),0.758,98.5,87.5,98.0,183.82
Tier 3 (Weather Fusion),0.7663,98.5,88.0,98.0,182.84
Tier 3 (Weather Fusion),0.7746,98.5,89.0,98.0,178.73
Tier 3 (Weather Fusion),0.7829,99.0,89.5,98.5,172.97
Tier 3 (Weather Fusion),0.7912,99.0,89.0,98.5,170.18
Tier 3 (Weather Fusion),0.7995,99.0,89.0,98.5,164.83
Tier 3 (Weather Fusion),0.8078,99.0,89.5,98.5,160.06
Tier 3 (Weather Fusion),0.8162,99.0,88.5,98.5,153.49
Tier 3 (Weather Fusion),0.8245,98.5,88.0,98.0,149.38
Tier 3 (Weather Fusion),0.8328,98.0,87.5,97.5,145.43
Tier 3 (Weather Fusion),0.8411,98.0,87.5,97.5,137.95
Tier 3 (Weather Fusion),0.8494,98.5,88.0,98.0,132.44
Tier 3 (Weather Fusion),0.8577,98.5,88.0,98.0,126.03
Tier 3 (Weather Fusion),0.866,98.5,87.5,98.0,118.88
Tier 3 (Weather Fusion),0.8743,98.0,87.5,97.5,111.81
Tier 3 (Weather Fusion),0.8826,97.5,86.5,97.0,103.34
Tier 3 (Weather Fusion),0.891,97.5,85.5,97.0,92.49
Tier 3 (Weather Fusion),0.8993,97.5,85.5,97.0,82.13
Tier 3 (Weather Fusion),0.9076,97.5,85.5,97.0,72.84
Tier 3 (Weather Fusion),0.9159,97.5,85.5,97.0,62.56
Tier 3 (Weather Fusion),0.9242,97.0,85.5,97.0,53.52
Tier 3 (Weather Fusion),0.9325,96.0,85.0,96.0,42.09
Tier 3 (Weather Fusion),0.9408,96.0,84.5,96.0,33.38
Tier 3 (Weather Fusion),0.9491,96.5,84.5,96.5,24.91
Tier 3 (Weather Fusion),0.9574,96.5,83.0,96.5,18.25
Tier 3 (Weather Fusion),0.9658,96.0,81.5,96.0,11.92
Tier 3 (Weather Fusion),0.9741,95.5,78.0,95.0,8.14
Tier 3 (Weather Fusion),0.9824,94.0,73.0,93.5,4.85
Tier 3 (Weather Fusion),0.9907,90.5,65.5,90.5,2.8
Tier 3 (Weather Fusion),0.999,64.0,34.0,63.0,0.0
Tier 3 MLP,0.01,69.5,42.0,65.5,515.55
Tier 3 MLP,0.0183,74.0,51.0,72.5,556.4
Tier 3 MLP,0.0266,78.0,56.0,76.0,579.18
Tier 3 MLP,0.0349,79.5,59.0,77.5,591.18
Tier 3 MLP,0.0432,79.5,60.0,78.0,592.33
Tier 3 MLP,0.0516,80.5,61.0,79.5,583.7
Tier 3 MLP,0.0599,81.0,64.0,80.5,570.87
Tier 3 MLP,0.0682,82.0,65.5,81.5,563.23
Tier 3 MLP,0.0765,82.5,67.0,82.5,554.1
Tier 3 MLP,0.0848,82.5,67.0,82.5,538.65
Tier 3 MLP,0.0931,82.5,67.5,82.5,528.78
Tier 3 MLP,0.1014,82.5,70.5,82.5,513.74
Tier 3 MLP,0.1097,83.0,71.5,83.0,497.54
Tier 3 MLP,0.118,84.0,73.5,84.0,488.99
Tier 3 MLP,0.1264,85.5,73.5,84.5,481.67
Tier 3 MLP,0.1347,85.5,73.5,84.5,472.8
Tier 3 MLP,0.143,85.5,73.5,84.5,460.88
Tier 3 MLP,0.1513,85.5,75.0,85.0,449.69
Tier 3 MLP,0.1596,85.5,75.5,85.0,440.4
Tier 3 MLP,0.1679,85.5,75.5,85.0,428.48
Tier 3 MLP,0.1762,86.5,76.0,86.0,420.1
Tier 3 MLP,0.1845,86.5,76.5,86.0,409.49
Tier 3 MLP,0.1928,87.0,77.5,86.5,398.23
Tier 3 MLP,0.2012,87.0,77.5,86.5,390.34
Tier 3 MLP,0.2095,87.0,78.0,86.5,381.05
Tier 3 MLP,0.2178,86.5,78.0,86.0,374.39
Tier 3 MLP,0.2261,86.5,78.5,86.0,366.09
Tier 3 MLP,0.2344,86.5,78.0,86.0,358.44
Tier 3 MLP,0.2427,86.5,77.5,86.0,351.86
Tier 3 MLP,0.251,86.5,78.5,86.0,344.14
Tier 3 MLP,0.2593,86.5,78.5,86.0,338.63
Tier 3 MLP,0.2676,87.0,79.5,86.5,333.2
Tier 3 MLP,0.2759,87.0,79.5,86.5,326.95
Tier 3 MLP,0.2843,87.0,79.5,86.5,322.84
Tier 3 MLP,0.2926,87.0,80.0,86.5,316.92
Tier 3 MLP,0.3009,87.0,80.0,86.5,308.04
Tier 3 MLP,0.3092,87.0,81.5,86.5,302.29
Tier 3 MLP,0.3175,87.0,81.0,86.5,296.54
Tier 3 MLP,0.3258,87.0,81.0,86.5,289.88
Tier 3 MLP,0.3341,87.0,81.0,86.5,282.39
Tier 3 MLP,0.3424,87.0,81.0,86.5,275.32
Tier 3 MLP,0.3507,87.0,81.5,86.5,270.39
Tier 3 MLP,0.3591,87.0,81.5,86.5,265.87
Tier 3 MLP,0.3674,87.0,82.0,86.5,259.54
Tier 3 MLP,0.3757,87.0,82.0,86.5,252.88
Tier 3 MLP,0.384,87.0,82.0,86.5,248.2
Tier 3 MLP,0.3923,87.0,82.5,86.5,243.18
Tier 3 MLP,0.4006,87.0,82.5,86.5,238.82
Tier 3 MLP,0.4089,87.0,82.5,86.5,232.49
Tier 3 MLP,0.4172,87.0,82.5,86.5,228.22
Tier 3 MLP,0.4255,87.0,82.5,86.5,223.53
Tier 3 MLP,0.4339,87.0,82.5,86.5,219.09
Tier 3 MLP,0.4422,87.0,83.0,86.5,215.56
Tier 3 MLP,0.4505,87.0,83.0,86.5,210.87
Tier 3 MLP,0.4588,87.0,83.0,86.5,207.5
Tier 3 MLP,0.4671,88.0,83.5,87.5,203.88
Tier 3 MLP,0.4754,88.0,83.5,87.5,198.46
Tier 3 MLP,0.4837,88.0,83.5,87.5,195.58
Tier 3 MLP,0.492,88.0,83.5,87.5,191.63
Tier 3 MLP,0.5003,88.0,83.5,87.5,188.43
Tier 3 MLP,0.5087,88.0,83.5,87.5,185.47
Tier 3 MLP,0.517,88.0,83.5,87.5,182.59
Tier 3 MLP,0.5253,88.0,83.5,87.5,179.63
Tier 3 MLP,0.5336,88.0,83.5,87.5,175.93
Tier 3 MLP,0.5419,88.0,83.5,87.5,171.66
Tier 3 MLP,0.5502,88.0,84.0,87.5,169.03
Tier 3 MLP,0.5585,88.0,83.0,87.5,163.93
Tier 3 MLP,0.5668,88.0,83.0,87.5,159.9
Tier 3 MLP,0.5751,88.0,83.0,87.5,157.27
Tier 3 MLP,0.5835,88.0,83.0,87.5,154.56
Tier 3 MLP,0.5918,88.5,83.0,88.0,149.54
Tier 3 MLP,0.6001,88.0,83.0,87.5,146.5
Tier 3 MLP,0.6084,88.0,83.5,87.5,143.87
Tier 3 MLP,0.6167,88.0,83.5,87.5,140.91
Tier 3 MLP,0.625,88.0,83.5,87.5,137.62
Tier 3 MLP,0.6333,88.5,84.0,88.0,134.74
Tier 3 MLP,0.6416,89.0,84.5,88.5,131.21
Tier 3 MLP,0.6499,89.0,84.5,88.5,127.02
Tier 3 MLP,0.6583,89.0,84.5,88.5,124.55
Tier 3 MLP,0.6666,89.0,84.5,88.5,120.69
Tier 3 MLP,0.6749,88.5,84.0,88.0,117.89
Tier 3 MLP,0.6832,88.5,84.0,88.0,114.93
Tier 3 MLP,0.6915,88.5,84.0,88.0,112.88
Tier 3 MLP,0.6998,88.5,84.0,88.0,109.09
Tier 3 MLP,0.7081,89.0,84.5,88.5,106.05
Tier 3 MLP,0.7164,89.0,84.0,88.5,102.52
Tier 3 MLP,0.7247,88.5,83.5,88.0,99.23
Tier 3 MLP,0.7331,88.5,83.5,88.0,96.35
Tier 3 MLP,0.7414,88.5,83.5,88.0,93.39
Tier 3 MLP,0.7497,88.5,83.5,88.0,90.02
Tier 3 MLP,0.758,88.5,83.5,88.0,87.64
Tier 3 MLP,0.7663,88.5,83.5,88.0,85.01
Tier 3 MLP,0.7746,88.5,83.5,88.0,82.46
Tier 3 MLP,0.7829,88.5,83.5,88.0,79.42
Tier 3 MLP,0.7912,88.5,83.5,88.0,77.44
Tier 3 MLP,0.7995,88.5,82.5,88.0,76.05
Tier 3 MLP,0.8078,89.0,82.5,88.5,74.98
Tier 3 MLP,0.8162,89.0,82.5,88.5,71.93
Tier 3 MLP,0.8245,89.5,82.5,89.0,69.39
Tier 3 MLP,0.8328,90.0,82.0,88.5,67.08
Tier 3 MLP,0.8411,90.5,82.5,89.0,64.62
Tier 3 MLP,0.8494,91.5,83.5,90.0,63.14
Tier 3 MLP,0.8577,91.5,83.5,90.0,61.33
Tier 3 MLP,0.866,91.5,83.0,90.0,58.78
Tier 3 MLP,0.8743,91.5,83.5,90.0,59.6
Tier 3 MLP,0.8826,91.5,83.5,90.5,59.85
Tier 3 MLP,0.891,92.5,83.5,91.0,61.58
Tier 3 MLP,0.8993,93.5,83.5,91.5,66.02
Tier 3 MLP,0.9076,93.5,83.5,91.5,73.0
Tier 3 MLP,0.9159,94.0,83.5,92.5,79.83
Tier 3 MLP,0.9242,94.5,83.5,93.0,86.07
Tier 3 MLP,0.9325,95.0,84.0,94.0,95.36
Tier 3 MLP,0.9408,95.0,84.0,95.0,105.31
Tier 3 MLP,0.9491,96.0,85.5,96.0,114.93
Tier 3 MLP,0.9574,96.5,85.0,96.0,124.8
Tier 3 MLP,0.9658,96.5,83.5,96.0,134.99
Tier 3 MLP,0.9741,95.5,84.0,95.5,135.15
Tier 3 MLP,0.9824,95.5,84.5,95.5,135.32
Tier 3 MLP,0.9907,96.5,84.0,96.5,119.21
Tier 3 MLP,0.999,94.0,76.5,94.0,70.04
