baseline_type,k_multiplier,detection_rate_pct,false_alarms_per_year,rain_coincident_pct
rolling_7d_local_z,0.5,91.0,338.79,8.7
global_dry_sigma,0.5,92.5,199.44,10.2
rolling_7d_local_z,0.55,91.0,331.8,8.9
global_dry_sigma,0.55,91.5,194.92,10.4
rolling_7d_local_z,0.6,91.0,324.98,9.2
global_dry_sigma,0.6,92.0,192.13,10.6
rolling_7d_local_z,0.65,91.5,317.75,9.5
global_dry_sigma,0.65,90.5,188.92,10.9
rolling_7d_local_z,0.7,91.5,310.76,9.8
global_dry_sigma,0.7,92.0,184.48,11.2
rolling_7d_local_z,0.75,92.5,303.03,10.1
global_dry_sigma,0.75,89.5,181.28,11.4
rolling_7d_local_z,0.8,91.5,297.19,10.3
global_dry_sigma,0.8,89.0,176.75,11.6
rolling_7d_local_z,0.85,91.5,289.47,10.6
global_dry_sigma,0.85,88.0,171.82,12.0
rolling_7d_local_z,0.9,91.5,282.07,10.8
global_dry_sigma,0.9,86.5,166.15,12.2
rolling_7d_local_z,0.95,90.5,271.71,11.2
global_dry_sigma,0.95,86.0,161.71,12.5
rolling_7d_local_z,1.0,91.0,263.9,11.4
global_dry_sigma,1.0,86.5,157.43,12.7
rolling_7d_local_z,1.05,91.5,257.16,11.7
global_dry_sigma,1.05,86.0,152.42,12.9
rolling_7d_local_z,1.1,91.0,251.89,12.0
global_dry_sigma,1.1,86.0,149.38,13.1
rolling_7d_local_z,1.15,91.0,243.51,12.3
global_dry_sigma,1.15,85.0,145.18,13.4
rolling_7d_local_z,1.2,90.0,237.26,12.7
global_dry_sigma,1.2,85.5,142.8,13.6
rolling_7d_local_z,1.25,89.5,233.31,13.0
global_dry_sigma,1.25,84.5,139.84,13.9
rolling_7d_local_z,1.3,88.5,227.89,13.3
global_dry_sigma,1.3,83.5,136.55,14.1
rolling_7d_local_z,1.35,87.5,222.46,13.7
global_dry_sigma,1.35,82.5,133.1,14.4
rolling_7d_local_z,1.4,87.5,215.48,14.2
global_dry_sigma,1.4,82.5,128.33,14.7
rolling_7d_local_z,1.45,86.5,210.38,14.6
global_dry_sigma,1.45,82.5,125.37,15.0
rolling_7d_local_z,1.5,86.0,203.97,14.9
global_dry_sigma,1.5,82.5,121.84,15.3
rolling_7d_local_z,1.55,84.5,198.79,15.3
global_dry_sigma,1.55,82.0,117.97,15.8
rolling_7d_local_z,1.6,85.0,192.78,15.6
global_dry_sigma,1.6,81.0,114.27,16.1
rolling_7d_local_z,1.65,84.0,188.76,16.1
global_dry_sigma,1.65,80.5,110.25,16.4
rolling_7d_local_z,1.7,84.5,184.89,16.5
global_dry_sigma,1.7,80.5,108.68,16.7
rolling_7d_local_z,1.75,83.5,180.45,17.0
global_dry_sigma,1.75,80.5,105.39,17.0
rolling_7d_local_z,1.8,83.0,175.11,17.5
global_dry_sigma,1.8,80.0,101.86,17.4
rolling_7d_local_z,1.85,82.0,168.86,17.9
global_dry_sigma,1.85,79.0,98.98,17.8
rolling_7d_local_z,1.9,80.5,164.75,18.4
global_dry_sigma,1.9,77.0,94.87,18.1
rolling_7d_local_z,1.95,80.0,160.48,18.8
global_dry_sigma,1.95,75.0,92.82,18.4
rolling_7d_local_z,2.0,78.5,156.53,19.3
global_dry_sigma,2.0,73.5,91.42,18.8
rolling_7d_local_z,2.05,76.0,151.6,19.9
global_dry_sigma,2.05,72.5,89.03,19.1
rolling_7d_local_z,2.1,74.0,146.83,20.4
global_dry_sigma,2.1,71.5,86.73,19.4
rolling_7d_local_z,2.15,72.0,143.46,20.9
global_dry_sigma,2.15,71.0,85.34,19.6
rolling_7d_local_z,2.2,71.5,139.68,21.3
global_dry_sigma,2.2,70.0,82.62,20.1
rolling_7d_local_z,2.25,72.5,134.99,21.8
global_dry_sigma,2.25,68.5,80.24,20.5
rolling_7d_local_z,2.3,70.5,131.04,22.4
global_dry_sigma,2.3,67.5,77.69,20.8
rolling_7d_local_z,2.35,70.0,126.85,23.0
global_dry_sigma,2.35,66.5,74.65,21.2
rolling_7d_local_z,2.4,67.5,121.34,23.6
global_dry_sigma,2.4,66.0,72.43,21.4
rolling_7d_local_z,2.45,65.0,117.89,24.2
global_dry_sigma,2.45,64.5,70.7,21.7
rolling_7d_local_z,2.5,64.5,113.62,24.8
global_dry_sigma,2.5,64.0,68.73,21.8
rolling_7d_local_z,2.55,64.5,109.59,25.5
global_dry_sigma,2.55,63.0,67.25,22.1
rolling_7d_local_z,2.6,62.5,106.38,26.1
global_dry_sigma,2.6,62.0,65.77,22.3
rolling_7d_local_z,2.65,61.5,102.27,26.8
global_dry_sigma,2.65,62.0,63.63,22.6
rolling_7d_local_z,2.7,60.0,98.08,27.8
global_dry_sigma,2.7,62.0,62.15,23.1
rolling_7d_local_z,2.75,60.0,95.86,28.5
global_dry_sigma,2.75,61.5,60.34,23.4
rolling_7d_local_z,2.8,58.5,94.21,29.2
global_dry_sigma,2.8,60.5,58.95,23.7
rolling_7d_local_z,2.85,56.5,91.01,29.8
global_dry_sigma,2.85,60.0,56.97,24.0
rolling_7d_local_z,2.9,55.5,88.71,30.7
global_dry_sigma,2.9,60.0,55.9,24.4
rolling_7d_local_z,2.95,53.5,85.75,31.4
global_dry_sigma,2.95,58.5,55.0,24.7
rolling_7d_local_z,3.0,52.5,82.62,32.5
global_dry_sigma,3.0,57.0,52.86,24.9
rolling_7d_local_z,3.05,52.0,80.07,33.1
global_dry_sigma,3.05,56.0,51.79,25.3
rolling_7d_local_z,3.1,52.0,78.02,33.8
global_dry_sigma,3.1,54.0,50.15,25.2
rolling_7d_local_z,3.15,48.5,75.8,34.8
global_dry_sigma,3.15,53.5,48.83,25.6
rolling_7d_local_z,3.2,45.5,73.41,35.0
global_dry_sigma,3.2,52.5,47.27,25.8
rolling_7d_local_z,3.25,45.0,70.95,35.7
global_dry_sigma,3.25,51.5,45.79,26.3
rolling_7d_local_z,3.3,44.0,68.48,36.5
global_dry_sigma,3.3,51.5,44.64,26.8
rolling_7d_local_z,3.35,38.5,66.76,37.1
global_dry_sigma,3.35,52.0,43.24,27.3
rolling_7d_local_z,3.4,37.5,63.96,38.1
global_dry_sigma,3.4,50.5,42.17,27.9
rolling_7d_local_z,3.45,37.0,62.56,39.3
global_dry_sigma,3.45,48.0,40.78,28.3
rolling_7d_local_z,3.5,34.5,60.01,40.0
global_dry_sigma,3.5,46.0,39.46,28.4
rolling_7d_local_z,3.55,34.5,57.63,40.8
global_dry_sigma,3.55,45.0,38.47,28.9
rolling_7d_local_z,3.6,32.5,55.57,41.6
global_dry_sigma,3.6,44.5,37.57,29.2
rolling_7d_local_z,3.65,30.5,54.09,42.3
global_dry_sigma,3.65,44.0,35.93,29.7
rolling_7d_local_z,3.7,30.0,52.29,42.8
global_dry_sigma,3.7,42.5,34.69,29.9
rolling_7d_local_z,3.75,28.5,50.97,43.4
global_dry_sigma,3.75,42.0,34.04,30.3
rolling_7d_local_z,3.8,27.0,48.67,44.3
global_dry_sigma,3.8,41.5,33.62,30.8
rolling_7d_local_z,3.85,24.0,47.68,44.7
global_dry_sigma,3.85,41.0,32.39,30.6
rolling_7d_local_z,3.9,23.0,46.45,45.4
global_dry_sigma,3.9,40.0,31.82,31.1
rolling_7d_local_z,3.95,24.0,44.31,46.5
global_dry_sigma,3.95,39.5,30.99,31.3
rolling_7d_local_z,4.0,22.5,42.26,47.3
global_dry_sigma,4.0,38.0,30.01,31.6
rolling_7d_local_z,4.05,22.5,40.94,47.5
global_dry_sigma,4.05,37.0,29.1,31.7
rolling_7d_local_z,4.1,21.0,39.71,48.1
global_dry_sigma,4.1,37.5,27.79,32.8
rolling_7d_local_z,4.15,20.0,38.31,48.7
global_dry_sigma,4.15,35.5,27.46,33.3
rolling_7d_local_z,4.2,20.5,36.75,48.8
global_dry_sigma,4.2,35.0,26.55,33.9
rolling_7d_local_z,4.25,20.5,35.76,49.9
global_dry_sigma,4.25,32.5,25.81,34.0
rolling_7d_local_z,4.3,20.0,34.94,50.0
global_dry_sigma,4.3,31.0,24.99,34.0
rolling_7d_local_z,4.35,18.5,34.53,50.9
global_dry_sigma,4.35,30.5,24.5,34.4
rolling_7d_local_z,4.4,19.0,33.62,51.5
global_dry_sigma,4.4,30.5,24.33,34.0
rolling_7d_local_z,4.45,16.5,32.97,52.1
global_dry_sigma,4.45,28.5,23.35,35.0
rolling_7d_local_z,4.5,14.0,32.31,52.5
global_dry_sigma,4.5,28.0,23.18,35.0
rolling_7d_local_z,4.55,14.0,30.42,53.4
global_dry_sigma,4.55,27.0,22.28,35.7
rolling_7d_local_z,4.6,11.5,29.02,54.3
global_dry_sigma,4.6,26.5,21.54,36.0
rolling_7d_local_z,4.65,9.5,28.2,55.2
global_dry_sigma,4.65,26.0,21.05,37.0
rolling_7d_local_z,4.7,10.0,27.46,55.5
global_dry_sigma,4.7,26.0,20.72,37.3
rolling_7d_local_z,4.75,9.0,26.47,56.1
global_dry_sigma,4.75,24.5,19.98,37.7
rolling_7d_local_z,4.8,8.5,26.14,56.8
global_dry_sigma,4.8,24.0,19.48,38.1
rolling_7d_local_z,4.85,7.5,25.57,57.2
global_dry_sigma,4.85,24.0,18.83,39.7
rolling_7d_local_z,4.9,6.0,25.16,57.5
global_dry_sigma,4.9,23.5,18.42,40.4
rolling_7d_local_z,4.95,6.0,24.5,57.8
global_dry_sigma,4.95,23.0,17.84,41.5
rolling_7d_local_z,5.0,6.0,23.51,57.6
global_dry_sigma,5.0,22.5,17.43,41.9
